{
  "kind": "near_miss",
  "timestamp": 1778382154.5802948,
  "frame_seq": 408,
  "state": "CANDIDATE",
  "cues": [
    "person_in_zone",
    "carryable_present:cell phone",
    "person_carryable_pair"
  ],
  "suppression_active": false,
  "persons": [
    {
      "conf": 0.898124635219574,
      "box": [
        4.25213623046875,
        116.22802734375,
        640.0,
        479.39300537109375
      ]
    },
    {
      "conf": 0.6058326363563538,
      "box": [
        169.35116577148438,
        288.88189697265625,
        210.27828979492188,
        328.4359130859375
      ]
    }
  ],
  "carryables": [
    {
      "label": "cell phone",
      "conf": 0.7260739207267761,
      "box": [
        312.1197509765625,
        221.04248046875,
        399.7806396484375,
        339.42291259765625
      ]
    }
  ],
  "candidate": {
    "first_seen_at": 1778382148.772321,
    "last_seen_at": 1778382154.485286,
    "interaction_frames": 36,
    "recent_zone_dwell": 5.413962125778198,
    "last_carryable_label": "cell phone",
    "alert_fired": false
  }
}