{
  "kind": "near_miss",
  "timestamp": 1778382503.280879,
  "frame_seq": 1474,
  "state": "CANDIDATE",
  "cues": [
    "person_in_zone"
  ],
  "suppression_active": false,
  "persons": [
    {
      "conf": 0.4660457372665405,
      "box": [
        193.13507080078125,
        1.15966796875,
        639.3136596679688,
        455.1263427734375
      ]
    }
  ],
  "carryables": [],
  "candidate": {
    "first_seen_at": 1778382499.213867,
    "last_seen_at": 1778382502.542602,
    "interaction_frames": 25,
    "recent_zone_dwell": 3.4612748622894287,
    "last_carryable_label": "cell phone",
    "alert_fired": false
  }
}