{
  "kind": "near_miss",
  "timestamp": 1778383063.695401,
  "frame_seq": 63,
  "state": "CANDIDATE",
  "cues": [
    "carryable_present:cell phone"
  ],
  "suppression_active": false,
  "persons": [],
  "carryables": [
    {
      "label": "cell phone",
      "conf": 0.8124861717224121,
      "box": [
        201.9304656982422,
        309.0780029296875,
        312.72650146484375,
        407.746826171875
      ]
    }
  ],
  "candidate": {
    "first_seen_at": 1778383059.271615,
    "last_seen_at": 1778383060.519234,
    "interaction_frames": 5,
    "recent_zone_dwell": 0.5632071495056152,
    "last_carryable_label": "cell phone",
    "alert_fired": false
  }
}