{
  "kind": "near_miss",
  "timestamp": 1778382508.182864,
  "frame_seq": 1509,
  "state": "CANDIDATE",
  "cues": [
    "person_in_zone"
  ],
  "suppression_active": false,
  "persons": [
    {
      "conf": 0.41201624274253845,
      "box": [
        160.72332763671875,
        0.0,
        637.525634765625,
        478.7057800292969
      ]
    }
  ],
  "carryables": [],
  "candidate": {
    "first_seen_at": 1778382499.213867,
    "last_seen_at": 1778382502.542602,
    "interaction_frames": 25,
    "recent_zone_dwell": 3.4612748622894287,
    "last_carryable_label": "cell phone",
    "alert_fired": false
  }
}