{
  "kind": "near_miss",
  "timestamp": 1778377952.10145,
  "frame_seq": 5653,
  "state": "CANDIDATE",
  "cues": [
    "person_in_zone",
    "carryable_present:laptop"
  ],
  "suppression_active": false,
  "persons": [
    {
      "conf": 0.7972999215126038,
      "box": [
        256.7875671386719,
        395.2486572265625,
        392.0218811035156,
        479.5963134765625
      ]
    },
    {
      "conf": 0.5690927505493164,
      "box": [
        76.86166381835938,
        290.22216796875,
        317.89105224609375,
        479.636962890625
      ]
    },
    {
      "conf": 0.4601783752441406,
      "box": [
        390.5265197753906,
        402.3427429199219,
        444.2752990722656,
        472.0968322753906
      ]
    },
    {
      "conf": 0.4463127553462982,
      "box": [
        68.69408416748047,
        400.8394470214844,
        109.67467498779297,
        470.3506774902344
      ]
    }
  ],
  "carryables": [
    {
      "label": "laptop",
      "conf": 0.5886415839195251,
      "box": [
        1.2627334594726562,
        426.87127685546875,
        77.50035858154297,
        477.92340087890625
      ]
    }
  ],
  "candidate": {
    "first_seen_at": 1778377930.5625842,
    "last_seen_at": 1778377939.123956,
    "interaction_frames": 2,
    "recent_zone_dwell": 0.21991610527038574,
    "last_carryable_label": "laptop",
    "alert_fired": false
  }
}