{
  "kind": "near_miss",
  "timestamp": 1778382531.0652218,
  "frame_seq": 1580,
  "state": "CANDIDATE",
  "cues": [
    "carryable_present:cell phone"
  ],
  "suppression_active": false,
  "persons": [],
  "carryables": [
    {
      "label": "cell phone",
      "conf": 0.8730801343917847,
      "box": [
        133.86822509765625,
        262.8177795410156,
        466.58197021484375,
        451.2262878417969
      ]
    }
  ],
  "candidate": {
    "first_seen_at": 1778382499.213867,
    "last_seen_at": 1778382529.575845,
    "interaction_frames": 27,
    "recent_zone_dwell": 3.6345458030700684,
    "last_carryable_label": "cell phone",
    "alert_fired": false
  }
}