{
  "kind": "near_miss",
  "timestamp": 1778382516.454185,
  "frame_seq": 1561,
  "state": "CANDIDATE",
  "cues": [
    "carryable_present:cell phone"
  ],
  "suppression_active": false,
  "persons": [],
  "carryables": [
    {
      "label": "cell phone",
      "conf": 0.8542741537094116,
      "box": [
        134.88026428222656,
        264.2516784667969,
        466.29931640625,
        451.9767150878906
      ]
    }
  ],
  "candidate": {
    "first_seen_at": 1778382499.213867,
    "last_seen_at": 1778382502.542602,
    "interaction_frames": 25,
    "recent_zone_dwell": 3.4612748622894287,
    "last_carryable_label": "cell phone",
    "alert_fired": false
  }
}