{
  "kind": "emit",
  "timestamp": 1778394961.934887,
  "frame_seq": 10,
  "state": "THEFT_CONFIRMED",
  "cues": [
    "package_moved",
    "person_present",
    "person_near_anchor",
    "theft_confirmed"
  ],
  "suppression_active": false,
  "persons": [
    {
      "conf": 0.7576410174369812,
      "box": [
        533.0950927734375,
        0.8236083984375,
        639.4610595703125,
        221.01296997070312
      ]
    },
    {
      "conf": 0.5897119045257568,
      "box": [
        310.84442138671875,
        109.55216217041016,
        353.99456787109375,
        164.37442016601562
      ]
    },
    {
      "conf": 0.4466610848903656,
      "box": [
        84.80792236328125,
        108.09902954101562,
        123.39120483398438,
        148.07180786132812
      ]
    },
    {
      "conf": 0.44224363565444946,
      "box": [
        613.6492309570312,
        267.90509033203125,
        639.9126586914062,
        479.10260009765625
      ]
    }
  ],
  "carryables": [
    {
      "label": "cardboard box",
      "conf": 0.582398056402439,
      "box": [
        455.0,
        256.0,
        583.0,
        338.0
      ]
    }
  ],
  "candidate": null
}