{
  "kind": "near_miss",
  "timestamp": 1778383079.4914591,
  "frame_seq": 128,
  "state": "CANDIDATE",
  "cues": [
    "carryable_present:cell phone"
  ],
  "suppression_active": false,
  "persons": [],
  "carryables": [
    {
      "label": "cell phone",
      "conf": 0.6101293563842773,
      "box": [
        190.8169708251953,
        329.7638854980469,
        371.73553466796875,
        388.4700622558594
      ]
    }
  ],
  "candidate": {
    "first_seen_at": 1778383075.489894,
    "last_seen_at": 1778383075.87638,
    "interaction_frames": 4,
    "recent_zone_dwell": 0.5603399276733398,
    "last_carryable_label": "cell phone",
    "alert_fired": false
  }
}