{
  "kind": "near_miss",
  "timestamp": 1778383063.9765031,
  "frame_seq": 66,
  "state": "CANDIDATE",
  "cues": [
    "carryable_present:cell phone"
  ],
  "suppression_active": false,
  "persons": [],
  "carryables": [
    {
      "label": "cell phone",
      "conf": 0.7565404176712036,
      "box": [
        201.61720275878906,
        309.50213623046875,
        312.8052978515625,
        407.22125244140625
      ]
    }
  ],
  "candidate": {
    "first_seen_at": 1778383059.271615,
    "last_seen_at": 1778383060.519234,
    "interaction_frames": 5,
    "recent_zone_dwell": 0.5632071495056152,
    "last_carryable_label": "cell phone",
    "alert_fired": false
  }
}