{
  "kind": "near_miss",
  "timestamp": 1778382660.8240829,
  "frame_seq": 101,
  "state": "CANDIDATE",
  "cues": [
    "person_in_zone",
    "carryable_recent:cell phone",
    "person_carryable_pair"
  ],
  "suppression_active": false,
  "persons": [
    {
      "conf": 0.9368724822998047,
      "box": [
        264.71270751953125,
        0.0,
        639.4942016601562,
        469.516357421875
      ]
    },
    {
      "conf": 0.667752742767334,
      "box": [
        549.129150390625,
        46.197479248046875,
        607.3128662109375,
        132.55014038085938
      ]
    }
  ],
  "carryables": [],
  "candidate": {
    "first_seen_at": 1778382659.7549481,
    "last_seen_at": 1778382660.703246,
    "interaction_frames": 9,
    "recent_zone_dwell": 1.0783190727233887,
    "last_carryable_label": "cell phone",
    "alert_fired": false
  }
}