{
  "kind": "emit",
  "timestamp": 1778397019.281161,
  "frame_seq": 62,
  "state": "THEFT_CONFIRMED",
  "cues": [
    "package_moved",
    "person_present",
    "person_near_anchor",
    "theft_confirmed"
  ],
  "suppression_active": false,
  "persons": [
    {
      "conf": 0.6414079666137695,
      "box": [
        399.83056640625,
        62.045658111572266,
        465.268310546875,
        162.52365112304688
      ]
    },
    {
      "conf": 0.6004976034164429,
      "box": [
        188.78567504882812,
        54.3838996887207,
        245.64340209960938,
        111.26737976074219
      ]
    },
    {
      "conf": 0.5275317430496216,
      "box": [
        99.90235137939453,
        45.1846923828125,
        190.54620361328125,
        118.14637756347656
      ]
    },
    {
      "conf": 0.4148578643798828,
      "box": [
        526.056396484375,
        58.71368408203125,
        597.7496337890625,
        170.00167846679688
      ]
    }
  ],
  "carryables": [
    {
      "label": "cardboard box",
      "conf": 0.5222321428571428,
      "box": [
        159.0,
        355.0,
        231.0,
        390.0
      ]
    }
  ],
  "candidate": null
}