{
  "kind": "near_miss",
  "timestamp": 1778383060.642119,
  "frame_seq": 34,
  "state": "CANDIDATE",
  "cues": [
    "carryable_present:cell phone"
  ],
  "suppression_active": false,
  "persons": [],
  "carryables": [
    {
      "label": "cell phone",
      "conf": 0.9058973789215088,
      "box": [
        209.70223999023438,
        292.92706298828125,
        319.7387390136719,
        388.24310302734375
      ]
    }
  ],
  "candidate": {
    "first_seen_at": 1778383059.271615,
    "last_seen_at": 1778383060.519234,
    "interaction_frames": 5,
    "recent_zone_dwell": 0.5632071495056152,
    "last_carryable_label": "cell phone",
    "alert_fired": false
  }
}