{
  "kind": "near_miss",
  "timestamp": 1778382514.117741,
  "frame_seq": 1550,
  "state": "CANDIDATE",
  "cues": [
    "carryable_present:cell phone"
  ],
  "suppression_active": false,
  "persons": [],
  "carryables": [
    {
      "label": "cell phone",
      "conf": 0.825000524520874,
      "box": [
        134.71585083007812,
        263.7127685546875,
        466.2840881347656,
        452.3349609375
      ]
    }
  ],
  "candidate": {
    "first_seen_at": 1778382499.213867,
    "last_seen_at": 1778382502.542602,
    "interaction_frames": 25,
    "recent_zone_dwell": 3.4612748622894287,
    "last_carryable_label": "cell phone",
    "alert_fired": false
  }
}