{
  "kind": "near_miss",
  "timestamp": 1778382132.0143712,
  "frame_seq": 305,
  "state": "CANDIDATE",
  "cues": [
    "person_in_zone"
  ],
  "suppression_active": false,
  "persons": [
    {
      "conf": 0.7804217338562012,
      "box": [
        83.31640625,
        44.62504577636719,
        636.605712890625,
        479.34393310546875
      ]
    }
  ],
  "carryables": [],
  "candidate": {
    "first_seen_at": 1778382130.3094862,
    "last_seen_at": 1778382130.62191,
    "interaction_frames": 2,
    "recent_zone_dwell": 0.17461037635803223,
    "last_carryable_label": null,
    "alert_fired": false
  }
}