{
  "kind": "near_miss",
  "timestamp": 1778382530.04532,
  "frame_seq": 1570,
  "state": "CANDIDATE",
  "cues": [
    "carryable_present:cell phone"
  ],
  "suppression_active": false,
  "persons": [],
  "carryables": [
    {
      "label": "cell phone",
      "conf": 0.8694354295730591,
      "box": [
        134.5251922607422,
        264.11724853515625,
        466.95294189453125,
        451.49224853515625
      ]
    }
  ],
  "candidate": {
    "first_seen_at": 1778382499.213867,
    "last_seen_at": 1778382529.575845,
    "interaction_frames": 27,
    "recent_zone_dwell": 3.6345458030700684,
    "last_carryable_label": "cell phone",
    "alert_fired": false
  }
}