{
  "kind": "near_miss",
  "timestamp": 1778382507.302536,
  "frame_seq": 1503,
  "state": "CANDIDATE",
  "cues": [
    "person_in_zone"
  ],
  "suppression_active": false,
  "persons": [
    {
      "conf": 0.6404187083244324,
      "box": [
        2.35772705078125,
        1.101531982421875,
        636.6423950195312,
        474.7682800292969
      ]
    }
  ],
  "carryables": [],
  "candidate": {
    "first_seen_at": 1778382499.213867,
    "last_seen_at": 1778382502.542602,
    "interaction_frames": 25,
    "recent_zone_dwell": 3.4612748622894287,
    "last_carryable_label": "cell phone",
    "alert_fired": false
  }
}