{
  "kind": "near_miss",
  "timestamp": 1778382515.4066,
  "frame_seq": 1553,
  "state": "CANDIDATE",
  "cues": [
    "carryable_present:cell phone"
  ],
  "suppression_active": false,
  "persons": [],
  "carryables": [
    {
      "label": "cell phone",
      "conf": 0.8599331378936768,
      "box": [
        134.70346069335938,
        263.98834228515625,
        466.1846618652344,
        452.21441650390625
      ]
    }
  ],
  "candidate": {
    "first_seen_at": 1778382499.213867,
    "last_seen_at": 1778382502.542602,
    "interaction_frames": 25,
    "recent_zone_dwell": 3.4612748622894287,
    "last_carryable_label": "cell phone",
    "alert_fired": false
  }
}