{
  "kind": "near_miss",
  "timestamp": 1778382506.885292,
  "frame_seq": 1500,
  "state": "CANDIDATE",
  "cues": [
    "person_in_zone"
  ],
  "suppression_active": false,
  "persons": [
    {
      "conf": 0.805679976940155,
      "box": [
        112.5533447265625,
        0.57464599609375,
        632.98681640625,
        396.2857666015625
      ]
    }
  ],
  "carryables": [],
  "candidate": {
    "first_seen_at": 1778382499.213867,
    "last_seen_at": 1778382502.542602,
    "interaction_frames": 25,
    "recent_zone_dwell": 3.4612748622894287,
    "last_carryable_label": "cell phone",
    "alert_fired": false
  }
}