{
  "kind": "near_miss",
  "timestamp": 1778382530.5641541,
  "frame_seq": 1575,
  "state": "CANDIDATE",
  "cues": [
    "carryable_present:cell phone"
  ],
  "suppression_active": false,
  "persons": [],
  "carryables": [
    {
      "label": "cell phone",
      "conf": 0.8682129979133606,
      "box": [
        134.2861328125,
        260.81256103515625,
        468.2518310546875,
        451.1822509765625
      ]
    }
  ],
  "candidate": {
    "first_seen_at": 1778382499.213867,
    "last_seen_at": 1778382529.575845,
    "interaction_frames": 27,
    "recent_zone_dwell": 3.6345458030700684,
    "last_carryable_label": "cell phone",
    "alert_fired": false
  }
}