{
  "kind": "near_miss",
  "timestamp": 1778382530.987484,
  "frame_seq": 1579,
  "state": "CANDIDATE",
  "cues": [
    "carryable_present:cell phone"
  ],
  "suppression_active": false,
  "persons": [],
  "carryables": [
    {
      "label": "cell phone",
      "conf": 0.8705930709838867,
      "box": [
        134.05804443359375,
        264.06402587890625,
        466.61236572265625,
        451.07293701171875
      ]
    }
  ],
  "candidate": {
    "first_seen_at": 1778382499.213867,
    "last_seen_at": 1778382529.575845,
    "interaction_frames": 27,
    "recent_zone_dwell": 3.6345458030700684,
    "last_carryable_label": "cell phone",
    "alert_fired": false
  }
}