{
  "kind": "near_miss",
  "timestamp": 1778372870.6768022,
  "frame_seq": 1516,
  "state": "CANDIDATE",
  "cues": [
    "person_in_zone",
    "carryable_present:suitcase"
  ],
  "suppression_active": false,
  "persons": [
    {
      "conf": 0.7206348776817322,
      "box": [
        390.8728942871094,
        385.7476806640625,
        444.5408020019531,
        431.38671875
      ]
    },
    {
      "conf": 0.626675009727478,
      "box": [
        0.371124267578125,
        49.825103759765625,
        182.91001892089844,
        461.43389892578125
      ]
    },
    {
      "conf": 0.4755041301250458,
      "box": [
        373.01617431640625,
        394.55364990234375,
        392.13055419921875,
        420.88885498046875
      ]
    }
  ],
  "carryables": [
    {
      "label": "suitcase",
      "conf": 0.41593778133392334,
      "box": [
        0.2106170654296875,
        210.47386169433594,
        177.68869018554688,
        414.869873046875
      ]
    }
  ],
  "candidate": {
    "first_seen_at": 1778372861.030519,
    "last_seen_at": 1778372868.689306,
    "interaction_frames": 3,
    "recent_zone_dwell": 0.2975020408630371,
    "last_carryable_label": "backpack",
    "alert_fired": false
  }
}