{
  "kind": "near_miss",
  "timestamp": 1778382201.47161,
  "frame_seq": 691,
  "state": "CANDIDATE",
  "cues": [
    "person_in_zone",
    "carryable_present:cell phone",
    "person_carryable_pair"
  ],
  "suppression_active": false,
  "persons": [
    {
      "conf": 0.8822619915008545,
      "box": [
        109.31195068359375,
        80.34054565429688,
        639.4096069335938,
        478.4924011230469
      ]
    },
    {
      "conf": 0.5643267631530762,
      "box": [
        122.15925598144531,
        283.8172607421875,
        171.6652069091797,
        329.04290771484375
      ]
    }
  ],
  "carryables": [
    {
      "label": "cell phone",
      "conf": 0.7812524437904358,
      "box": [
        271.1878967285156,
        160.6797332763672,
        398.0350036621094,
        415.77191162109375
      ]
    }
  ],
  "candidate": {
    "first_seen_at": 1778382196.659296,
    "last_seen_at": 1778382201.374887,
    "interaction_frames": 39,
    "recent_zone_dwell": 4.845294952392578,
    "last_carryable_label": "cell phone",
    "alert_fired": false
  }
}