{
  "kind": "emit",
  "timestamp": 1778372870.839157,
  "frame_seq": 1518,
  "state": "CANDIDATE",
  "cues": [
    "person_in_zone",
    "carryable_present:suitcase",
    "person_carryable_pair"
  ],
  "suppression_active": true,
  "persons": [
    {
      "conf": 0.7169303297996521,
      "box": [
        390.52117919921875,
        386.037353515625,
        445.28070068359375,
        431.408203125
      ]
    },
    {
      "conf": 0.49233901500701904,
      "box": [
        371.35467529296875,
        394.52972412109375,
        392.20660400390625,
        420.546142578125
      ]
    },
    {
      "conf": 0.48214980959892273,
      "box": [
        0.3565521240234375,
        59.10267639160156,
        170.87176513671875,
        466.3404541015625
      ]
    }
  ],
  "carryables": [
    {
      "label": "suitcase",
      "conf": 0.43629974126815796,
      "box": [
        0.0384979248046875,
        209.75198364257812,
        168.57960510253906,
        411.2202453613281
      ]
    }
  ],
  "candidate": {
    "first_seen_at": 1778372861.030519,
    "last_seen_at": 1778372870.8105412,
    "interaction_frames": 4,
    "recent_zone_dwell": 0.3828732967376709,
    "last_carryable_label": "suitcase",
    "alert_fired": true
  }
}