{
  "kind": "near_miss",
  "timestamp": 1778383063.761996,
  "frame_seq": 64,
  "state": "CANDIDATE",
  "cues": [
    "carryable_present:cell phone"
  ],
  "suppression_active": false,
  "persons": [],
  "carryables": [
    {
      "label": "cell phone",
      "conf": 0.7429170608520508,
      "box": [
        201.8818359375,
        309.36468505859375,
        312.7547607421875,
        407.46343994140625
      ]
    }
  ],
  "candidate": {
    "first_seen_at": 1778383059.271615,
    "last_seen_at": 1778383060.519234,
    "interaction_frames": 5,
    "recent_zone_dwell": 0.5632071495056152,
    "last_carryable_label": "cell phone",
    "alert_fired": false
  }
}