{
  "kind": "near_miss",
  "timestamp": 1778382662.7350552,
  "frame_seq": 115,
  "state": "CANDIDATE",
  "cues": [
    "person_in_zone",
    "carryable_recent:cell phone",
    "person_carryable_pair"
  ],
  "suppression_active": false,
  "persons": [
    {
      "conf": 0.8865982890129089,
      "box": [
        144.2105712890625,
        0.604583740234375,
        639.9259033203125,
        475.53515625
      ]
    }
  ],
  "carryables": [],
  "candidate": {
    "first_seen_at": 1778382659.7549481,
    "last_seen_at": 1778382662.6047091,
    "interaction_frames": 15,
    "recent_zone_dwell": 1.9400749206542969,
    "last_carryable_label": "cell phone",
    "alert_fired": false
  }
}