{
  "kind": "near_miss",
  "timestamp": 1778377952.273152,
  "frame_seq": 5655,
  "state": "CANDIDATE",
  "cues": [
    "person_in_zone",
    "carryable_present:laptop"
  ],
  "suppression_active": false,
  "persons": [
    {
      "conf": 0.7970809936523438,
      "box": [
        256.14471435546875,
        395.2012939453125,
        392.01202392578125,
        479.598876953125
      ]
    },
    {
      "conf": 0.572629988193512,
      "box": [
        74.61212921142578,
        288.62908935546875,
        324.13092041015625,
        479.68145751953125
      ]
    },
    {
      "conf": 0.44398894906044006,
      "box": [
        389.767822265625,
        402.35699462890625,
        444.7010498046875,
        472.18505859375
      ]
    },
    {
      "conf": 0.4252573251724243,
      "box": [
        69.02149963378906,
        404.96722412109375,
        110.44090270996094,
        470.55645751953125
      ]
    }
  ],
  "carryables": [
    {
      "label": "laptop",
      "conf": 0.47640717029571533,
      "box": [
        1.2136917114257812,
        426.90289306640625,
        76.44003295898438,
        477.66424560546875
      ]
    }
  ],
  "candidate": {
    "first_seen_at": 1778377930.5625842,
    "last_seen_at": 1778377939.123956,
    "interaction_frames": 2,
    "recent_zone_dwell": 0.21991610527038574,
    "last_carryable_label": "laptop",
    "alert_fired": false
  }
}