{
  "kind": "emit",
  "timestamp": 1778392003.2943249,
  "frame_seq": 85,
  "state": "THEFT_CONFIRMED",
  "cues": [
    "package_moved",
    "person_present",
    "person_near_anchor",
    "theft_confirmed"
  ],
  "suppression_active": false,
  "persons": [
    {
      "conf": 0.751302182674408,
      "box": [
        431.90350341796875,
        111.12277221679688,
        498.18511962890625,
        208.33828735351562
      ]
    },
    {
      "conf": 0.5408955812454224,
      "box": [
        147.42019653320312,
        93.65252685546875,
        232.7171630859375,
        162.93048095703125
      ]
    }
  ],
  "carryables": [
    {
      "label": "backpack",
      "conf": 0.4944617450237274,
      "box": [
        272.5484924316406,
        341.4764404296875,
        388.2392272949219,
        423.1513671875
      ]
    }
  ],
  "candidate": null
}