{
  "kind": "near_miss",
  "timestamp": 1778383060.882653,
  "frame_seq": 36,
  "state": "CANDIDATE",
  "cues": [
    "carryable_present:cell phone"
  ],
  "suppression_active": false,
  "persons": [],
  "carryables": [
    {
      "label": "cell phone",
      "conf": 0.8065778613090515,
      "box": [
        203.13555908203125,
        295.3045654296875,
        315.26531982421875,
        391.2220458984375
      ]
    }
  ],
  "candidate": {
    "first_seen_at": 1778383059.271615,
    "last_seen_at": 1778383060.519234,
    "interaction_frames": 5,
    "recent_zone_dwell": 0.5632071495056152,
    "last_carryable_label": "cell phone",
    "alert_fired": false
  }
}