{
  "kind": "near_miss",
  "timestamp": 1778383064.2691672,
  "frame_seq": 69,
  "state": "CANDIDATE",
  "cues": [
    "carryable_present:cell phone"
  ],
  "suppression_active": false,
  "persons": [],
  "carryables": [
    {
      "label": "cell phone",
      "conf": 0.7707194685935974,
      "box": [
        202.03369140625,
        309.29736328125,
        312.81500244140625,
        407.00341796875
      ]
    }
  ],
  "candidate": {
    "first_seen_at": 1778383059.271615,
    "last_seen_at": 1778383060.519234,
    "interaction_frames": 5,
    "recent_zone_dwell": 0.5632071495056152,
    "last_carryable_label": "cell phone",
    "alert_fired": false
  }
}