{
  "kind": "near_miss",
  "timestamp": 1778383061.3072882,
  "frame_seq": 40,
  "state": "CANDIDATE",
  "cues": [
    "carryable_present:cell phone"
  ],
  "suppression_active": false,
  "persons": [],
  "carryables": [
    {
      "label": "cell phone",
      "conf": 0.9212584495544434,
      "box": [
        202.5373077392578,
        315.8816223144531,
        314.01593017578125,
        412.7959899902344
      ]
    }
  ],
  "candidate": {
    "first_seen_at": 1778383059.271615,
    "last_seen_at": 1778383060.519234,
    "interaction_frames": 5,
    "recent_zone_dwell": 0.5632071495056152,
    "last_carryable_label": "cell phone",
    "alert_fired": false
  }
}