{
  "kind": "near_miss",
  "timestamp": 1778383061.0901608,
  "frame_seq": 38,
  "state": "CANDIDATE",
  "cues": [
    "carryable_present:cell phone"
  ],
  "suppression_active": false,
  "persons": [],
  "carryables": [
    {
      "label": "cell phone",
      "conf": 0.7294149398803711,
      "box": [
        202.67616271972656,
        301.23541259765625,
        314.17431640625,
        399.2752685546875
      ]
    }
  ],
  "candidate": {
    "first_seen_at": 1778383059.271615,
    "last_seen_at": 1778383060.519234,
    "interaction_frames": 5,
    "recent_zone_dwell": 0.5632071495056152,
    "last_carryable_label": "cell phone",
    "alert_fired": false
  }
}