{
  "kind": "near_miss",
  "timestamp": 1778382505.002933,
  "frame_seq": 1486,
  "state": "CANDIDATE",
  "cues": [
    "person_in_zone"
  ],
  "suppression_active": false,
  "persons": [
    {
      "conf": 0.5284405946731567,
      "box": [
        146.720458984375,
        0.036651611328125,
        635.3543090820312,
        478.4769592285156
      ]
    }
  ],
  "carryables": [],
  "candidate": {
    "first_seen_at": 1778382499.213867,
    "last_seen_at": 1778382502.542602,
    "interaction_frames": 25,
    "recent_zone_dwell": 3.4612748622894287,
    "last_carryable_label": "cell phone",
    "alert_fired": false
  }
}