{
  "kind": "near_miss",
  "timestamp": 1778372870.442762,
  "frame_seq": 1514,
  "state": "CANDIDATE",
  "cues": [
    "person_in_zone",
    "carryable_present:backpack"
  ],
  "suppression_active": false,
  "persons": [
    {
      "conf": 0.7197673916816711,
      "box": [
        389.38922119140625,
        386.4127197265625,
        446.08843994140625,
        432.273193359375
      ]
    },
    {
      "conf": 0.6813930869102478,
      "box": [
        0.3101654052734375,
        36.3466796875,
        198.2675018310547,
        473.7125244140625
      ]
    },
    {
      "conf": 0.41872140765190125,
      "box": [
        376.1224060058594,
        395.139892578125,
        392.0816955566406,
        419.130126953125
      ]
    }
  ],
  "carryables": [
    {
      "label": "suitcase",
      "conf": 0.24102388322353363,
      "box": [
        0.0,
        196.63275146484375,
        196.37539672851562,
        413.13385009765625
      ]
    },
    {
      "label": "backpack",
      "conf": 0.22894512116909027,
      "box": [
        0.423980712890625,
        199.428955078125,
        196.61581420898438,
        413.69158935546875
      ]
    }
  ],
  "candidate": {
    "first_seen_at": 1778372861.030519,
    "last_seen_at": 1778372868.689306,
    "interaction_frames": 3,
    "recent_zone_dwell": 0.2975020408630371,
    "last_carryable_label": "backpack",
    "alert_fired": false
  }
}