{
  "kind": "near_miss",
  "timestamp": 1778382679.272324,
  "frame_seq": 201,
  "state": "CANDIDATE",
  "cues": [
    "person_in_zone",
    "carryable_present:cell phone",
    "person_carryable_pair"
  ],
  "suppression_active": false,
  "persons": [
    {
      "conf": 0.9325990080833435,
      "box": [
        321.251708984375,
        0.0,
        639.7708740234375,
        463.40692138671875
      ]
    },
    {
      "conf": 0.41611191630363464,
      "box": [
        439.7908630371094,
        50.290069580078125,
        501.9671936035156,
        129.72607421875
      ]
    }
  ],
  "carryables": [
    {
      "label": "cell phone",
      "conf": 0.8446388840675354,
      "box": [
        221.04443359375,
        337.46923828125,
        323.12005615234375,
        435.900390625
      ]
    }
  ],
  "candidate": {
    "first_seen_at": 1778382673.476567,
    "last_seen_at": 1778382679.21326,
    "interaction_frames": 25,
    "recent_zone_dwell": 6.017093896865845,
    "last_carryable_label": "cell phone",
    "alert_fired": false
  }
}