{
  "kind": "near_miss",
  "timestamp": 1778382681.328397,
  "frame_seq": 220,
  "state": "CANDIDATE",
  "cues": [
    "person_in_zone",
    "carryable_present:cell phone",
    "person_carryable_pair"
  ],
  "suppression_active": false,
  "persons": [
    {
      "conf": 0.8892084956169128,
      "box": [
        263.955078125,
        0.0,
        639.4722900390625,
        473.3612976074219
      ]
    },
    {
      "conf": 0.6223570108413696,
      "box": [
        435.12188720703125,
        50.313926696777344,
        501.5869140625,
        124.29401397705078
      ]
    }
  ],
  "carryables": [
    {
      "label": "cell phone",
      "conf": 0.8837412595748901,
      "box": [
        221.55020141601562,
        337.616455078125,
        322.8567810058594,
        435.509033203125
      ]
    }
  ],
  "candidate": {
    "first_seen_at": 1778382673.476567,
    "last_seen_at": 1778382681.28848,
    "interaction_frames": 44,
    "recent_zone_dwell": 8.092314004898071,
    "last_carryable_label": "cell phone",
    "alert_fired": false
  }
}