{
  "kind": "near_miss",
  "timestamp": 1778382529.751296,
  "frame_seq": 1567,
  "state": "CANDIDATE",
  "cues": [
    "carryable_present:cell phone"
  ],
  "suppression_active": false,
  "persons": [],
  "carryables": [
    {
      "label": "cell phone",
      "conf": 0.8612221479415894,
      "box": [
        134.92929077148438,
        263.01116943359375,
        466.6484680175781,
        451.25799560546875
      ]
    }
  ],
  "candidate": {
    "first_seen_at": 1778382499.213867,
    "last_seen_at": 1778382529.575845,
    "interaction_frames": 27,
    "recent_zone_dwell": 3.6345458030700684,
    "last_carryable_label": "cell phone",
    "alert_fired": false
  }
}