{
  "kind": "near_miss",
  "timestamp": 1778383078.4045591,
  "frame_seq": 120,
  "state": "CANDIDATE",
  "cues": [
    "carryable_present:cell phone"
  ],
  "suppression_active": false,
  "persons": [],
  "carryables": [
    {
      "label": "cell phone",
      "conf": 0.6561324000358582,
      "box": [
        190.92446899414062,
        330.1297607421875,
        371.6927795410156,
        388.71630859375
      ]
    }
  ],
  "candidate": {
    "first_seen_at": 1778383075.489894,
    "last_seen_at": 1778383075.87638,
    "interaction_frames": 4,
    "recent_zone_dwell": 0.5603399276733398,
    "last_carryable_label": "cell phone",
    "alert_fired": false
  }
}