{
  "kind": "near_miss",
  "timestamp": 1778377948.6441312,
  "frame_seq": 5620,
  "state": "CANDIDATE",
  "cues": [
    "person_in_zone",
    "carryable_present:laptop"
  ],
  "suppression_active": false,
  "persons": [
    {
      "conf": 0.7870657444000244,
      "box": [
        258.094482421875,
        398.556640625,
        392.0377197265625,
        479.6356201171875
      ]
    },
    {
      "conf": 0.546630859375,
      "box": [
        8.755828857421875,
        387.2684020996094,
        45.48261260986328,
        427.2190246582031
      ]
    },
    {
      "conf": 0.5230869054794312,
      "box": [
        101.3416976928711,
        288.0579833984375,
        327.7583923339844,
        479.6341552734375
      ]
    },
    {
      "conf": 0.514253556728363,
      "box": [
        389.02130126953125,
        402.90533447265625,
        444.19097900390625,
        472.62786865234375
      ]
    }
  ],
  "carryables": [
    {
      "label": "laptop",
      "conf": 0.44558680057525635,
      "box": [
        1.2143325805664062,
        427.08905029296875,
        78.3033218383789,
        478.52545166015625
      ]
    }
  ],
  "candidate": {
    "first_seen_at": 1778377930.5625842,
    "last_seen_at": 1778377939.123956,
    "interaction_frames": 2,
    "recent_zone_dwell": 0.21991610527038574,
    "last_carryable_label": "laptop",
    "alert_fired": false
  }
}