{
  "kind": "near_miss",
  "timestamp": 1778383062.024139,
  "frame_seq": 47,
  "state": "CANDIDATE",
  "cues": [
    "carryable_present:cell phone"
  ],
  "suppression_active": false,
  "persons": [],
  "carryables": [
    {
      "label": "cell phone",
      "conf": 0.8761153221130371,
      "box": [
        201.7938232421875,
        308.78326416015625,
        312.76458740234375,
        406.60369873046875
      ]
    }
  ],
  "candidate": {
    "first_seen_at": 1778383059.271615,
    "last_seen_at": 1778383060.519234,
    "interaction_frames": 5,
    "recent_zone_dwell": 0.5632071495056152,
    "last_carryable_label": "cell phone",
    "alert_fired": false
  }
}