{
  "kind": "near_miss",
  "timestamp": 1778382507.7596061,
  "frame_seq": 1506,
  "state": "CANDIDATE",
  "cues": [
    "person_in_zone"
  ],
  "suppression_active": false,
  "persons": [
    {
      "conf": 0.689037561416626,
      "box": [
        107.10986328125,
        0.43218994140625,
        636.5420532226562,
        476.78350830078125
      ]
    }
  ],
  "carryables": [],
  "candidate": {
    "first_seen_at": 1778382499.213867,
    "last_seen_at": 1778382502.542602,
    "interaction_frames": 25,
    "recent_zone_dwell": 3.4612748622894287,
    "last_carryable_label": "cell phone",
    "alert_fired": false
  }
}