{
  "kind": "near_miss",
  "timestamp": 1778383062.833246,
  "frame_seq": 55,
  "state": "CANDIDATE",
  "cues": [
    "carryable_present:cell phone"
  ],
  "suppression_active": false,
  "persons": [],
  "carryables": [
    {
      "label": "cell phone",
      "conf": 0.8354540467262268,
      "box": [
        201.3162384033203,
        309.4481201171875,
        312.71661376953125,
        408.1114501953125
      ]
    }
  ],
  "candidate": {
    "first_seen_at": 1778383059.271615,
    "last_seen_at": 1778383060.519234,
    "interaction_frames": 5,
    "recent_zone_dwell": 0.5632071495056152,
    "last_carryable_label": "cell phone",
    "alert_fired": false
  }
}