{
  "kind": "emit",
  "timestamp": 1778378535.46685,
  "frame_seq": 1,
  "state": "WATCHING",
  "cues": [
    "person_in_zone"
  ],
  "suppression_active": false,
  "persons": [
    {
      "conf": 0.9006392359733582,
      "box": [
        27.231353759765625,
        185.5068359375,
        410.50531005859375,
        479.67279052734375
      ]
    },
    {
      "conf": 0.44429275393486023,
      "box": [
        471.4241943359375,
        368.02398681640625,
        519.3818359375,
        428.77880859375
      ]
    },
    {
      "conf": 0.4211898744106293,
      "box": [
        363.61700439453125,
        388.21527099609375,
        467.32879638671875,
        479.7325439453125
      ]
    }
  ],
  "carryables": [],
  "candidate": null
}