{
  "kind": "near_miss",
  "timestamp": 1778382198.219837,
  "frame_seq": 665,
  "state": "CANDIDATE",
  "cues": [
    "person_in_zone",
    "carryable_present:cell phone",
    "person_carryable_pair"
  ],
  "suppression_active": false,
  "persons": [
    {
      "conf": 0.8768923282623291,
      "box": [
        159.5762939453125,
        56.93635559082031,
        639.3671264648438,
        479.26568603515625
      ]
    },
    {
      "conf": 0.6732487678527832,
      "box": [
        121.07179260253906,
        284.5186767578125,
        171.2094268798828,
        329.100341796875
      ]
    }
  ],
  "carryables": [
    {
      "label": "cell phone",
      "conf": 0.8034471273422241,
      "box": [
        265.7379455566406,
        174.58370971679688,
        396.5972595214844,
        450.9576721191406
      ]
    }
  ],
  "candidate": {
    "first_seen_at": 1778382196.659296,
    "last_seen_at": 1778382198.129169,
    "interaction_frames": 13,
    "recent_zone_dwell": 1.5995769500732422,
    "last_carryable_label": "cell phone",
    "alert_fired": false
  }
}