{
  "kind": "emit",
  "timestamp": 1778383225.1198359,
  "frame_seq": 185,
  "state": "IDLE",
  "cues": [
    "person_in_zone"
  ],
  "suppression_active": false,
  "persons": [
    {
      "conf": 0.9530797004699707,
      "box": [
        0.0,
        127.89752197265625,
        332.7678527832031,
        479.3902587890625
      ]
    },
    {
      "conf": 0.9470784068107605,
      "box": [
        383.60455322265625,
        79.77586364746094,
        639.7174682617188,
        479.872802734375
      ]
    },
    {
      "conf": 0.43806517124176025,
      "box": [
        264.51666259765625,
        278.4268798828125,
        329.06298828125,
        332.9041748046875
      ]
    },
    {
      "conf": 0.42861756682395935,
      "box": [
        327.3175354003906,
        269.2393798828125,
        376.5349426269531,
        324.43670654296875
      ]
    }
  ],
  "carryables": [],
  "candidate": null
}