{
  "kind": "near_miss",
  "timestamp": 1778383061.405036,
  "frame_seq": 41,
  "state": "CANDIDATE",
  "cues": [
    "carryable_present:cell phone"
  ],
  "suppression_active": false,
  "persons": [],
  "carryables": [
    {
      "label": "cell phone",
      "conf": 0.8688098788261414,
      "box": [
        201.41152954101562,
        304.3153381347656,
        313.0588684082031,
        401.2360534667969
      ]
    }
  ],
  "candidate": {
    "first_seen_at": 1778383059.271615,
    "last_seen_at": 1778383060.519234,
    "interaction_frames": 5,
    "recent_zone_dwell": 0.5632071495056152,
    "last_carryable_label": "cell phone",
    "alert_fired": false
  }
}