{
  "kind": "near_miss",
  "timestamp": 1778382515.264437,
  "frame_seq": 1552,
  "state": "CANDIDATE",
  "cues": [
    "carryable_present:cell phone"
  ],
  "suppression_active": false,
  "persons": [],
  "carryables": [
    {
      "label": "cell phone",
      "conf": 0.8570537567138672,
      "box": [
        134.63323974609375,
        263.48681640625,
        466.0616455078125,
        452.00439453125
      ]
    }
  ],
  "candidate": {
    "first_seen_at": 1778382499.213867,
    "last_seen_at": 1778382502.542602,
    "interaction_frames": 25,
    "recent_zone_dwell": 3.4612748622894287,
    "last_carryable_label": "cell phone",
    "alert_fired": false
  }
}