{
  "kind": "near_miss",
  "timestamp": 1778382509.206539,
  "frame_seq": 1517,
  "state": "CANDIDATE",
  "cues": [
    "person_in_zone"
  ],
  "suppression_active": false,
  "persons": [
    {
      "conf": 0.7708601951599121,
      "box": [
        193.40191650390625,
        0.0,
        624.3768310546875,
        452.2235107421875
      ]
    }
  ],
  "carryables": [],
  "candidate": {
    "first_seen_at": 1778382499.213867,
    "last_seen_at": 1778382502.542602,
    "interaction_frames": 25,
    "recent_zone_dwell": 3.4612748622894287,
    "last_carryable_label": "cell phone",
    "alert_fired": false
  }
}