{
  "kind": "near_miss",
  "timestamp": 1778382506.4818408,
  "frame_seq": 1497,
  "state": "CANDIDATE",
  "cues": [
    "person_in_zone"
  ],
  "suppression_active": false,
  "persons": [
    {
      "conf": 0.5561490654945374,
      "box": [
        145.908935546875,
        0.0,
        637.1843872070312,
        479.81134033203125
      ]
    }
  ],
  "carryables": [],
  "candidate": {
    "first_seen_at": 1778382499.213867,
    "last_seen_at": 1778382502.542602,
    "interaction_frames": 25,
    "recent_zone_dwell": 3.4612748622894287,
    "last_carryable_label": "cell phone",
    "alert_fired": false
  }
}