{
  "kind": "near_miss",
  "timestamp": 1778382317.552788,
  "frame_seq": 45,
  "state": "CANDIDATE",
  "cues": [
    "person_in_zone"
  ],
  "suppression_active": false,
  "persons": [
    {
      "conf": 0.5676838755607605,
      "box": [
        113.57500457763672,
        276.56866455078125,
        161.4110107421875,
        330.23846435546875
      ]
    }
  ],
  "carryables": [],
  "candidate": {
    "first_seen_at": 1778382316.461117,
    "last_seen_at": 1778382316.769274,
    "interaction_frames": 2,
    "recent_zone_dwell": 0.2222273349761963,
    "last_carryable_label": null,
    "alert_fired": false
  }
}