{
  "kind": "near_miss",
  "timestamp": 1778383077.880961,
  "frame_seq": 116,
  "state": "CANDIDATE",
  "cues": [
    "carryable_present:cell phone"
  ],
  "suppression_active": false,
  "persons": [],
  "carryables": [
    {
      "label": "cell phone",
      "conf": 0.6604189872741699,
      "box": [
        190.9154815673828,
        329.8346862792969,
        372.05169677734375,
        388.5688781738281
      ]
    }
  ],
  "candidate": {
    "first_seen_at": 1778383075.489894,
    "last_seen_at": 1778383075.87638,
    "interaction_frames": 4,
    "recent_zone_dwell": 0.5603399276733398,
    "last_carryable_label": "cell phone",
    "alert_fired": false
  }
}