{
  "kind": "near_miss",
  "timestamp": 1778382151.531777,
  "frame_seq": 387,
  "state": "CANDIDATE",
  "cues": [
    "person_in_zone",
    "carryable_present:cell phone",
    "person_carryable_pair"
  ],
  "suppression_active": false,
  "persons": [
    {
      "conf": 0.8859078884124756,
      "box": [
        2.97705078125,
        115.3804931640625,
        640.0,
        479.5767822265625
      ]
    },
    {
      "conf": 0.6388852596282959,
      "box": [
        176.8958740234375,
        268.80084228515625,
        211.934326171875,
        327.713134765625
      ]
    }
  ],
  "carryables": [
    {
      "label": "cell phone",
      "conf": 0.8301194906234741,
      "box": [
        303.4039306640625,
        215.18255615234375,
        393.2364501953125,
        334.266845703125
      ]
    }
  ],
  "candidate": {
    "first_seen_at": 1778382148.772321,
    "last_seen_at": 1778382151.4115782,
    "interaction_frames": 15,
    "recent_zone_dwell": 2.340254306793213,
    "last_carryable_label": "cell phone",
    "alert_fired": false
  }
}