{
  "kind": "near_miss",
  "timestamp": 1778383077.178184,
  "frame_seq": 111,
  "state": "CANDIDATE",
  "cues": [
    "carryable_present:cell phone"
  ],
  "suppression_active": false,
  "persons": [],
  "carryables": [
    {
      "label": "cell phone",
      "conf": 0.6053897142410278,
      "box": [
        190.8646697998047,
        330.2194519042969,
        371.52508544921875,
        388.5970153808594
      ]
    }
  ],
  "candidate": {
    "first_seen_at": 1778383075.489894,
    "last_seen_at": 1778383075.87638,
    "interaction_frames": 4,
    "recent_zone_dwell": 0.5603399276733398,
    "last_carryable_label": "cell phone",
    "alert_fired": false
  }
}