{
  "kind": "emit",
  "timestamp": 1778374215.819532,
  "frame_seq": 1,
  "state": "WATCHING",
  "cues": [
    "person_in_zone"
  ],
  "suppression_active": false,
  "persons": [
    {
      "conf": 0.927959144115448,
      "box": [
        435.5926208496094,
        75.9837646484375,
        639.4732666015625,
        478.8934326171875
      ]
    },
    {
      "conf": 0.8974858522415161,
      "box": [
        90.80438232421875,
        193.41635131835938,
        263.0200500488281,
        479.5336608886719
      ]
    }
  ],
  "carryables": [],
  "candidate": null
}