{
  "kind": "near_miss",
  "timestamp": 1778382659.963781,
  "frame_seq": 94,
  "state": "CANDIDATE",
  "cues": [
    "person_in_zone",
    "carryable_recent:cell phone",
    "person_carryable_pair"
  ],
  "suppression_active": false,
  "persons": [
    {
      "conf": 0.858820915222168,
      "box": [
        140.3304443359375,
        0.0,
        639.0194702148438,
        479.2491455078125
      ]
    }
  ],
  "carryables": [],
  "candidate": {
    "first_seen_at": 1778382659.7549481,
    "last_seen_at": 1778382659.8845708,
    "interaction_frames": 2,
    "recent_zone_dwell": 0.2596437931060791,
    "last_carryable_label": "cell phone",
    "alert_fired": false
  }
}