{
  "kind": "near_miss",
  "timestamp": 1778382197.84728,
  "frame_seq": 662,
  "state": "CANDIDATE",
  "cues": [
    "person_in_zone",
    "carryable_present:cell phone",
    "person_carryable_pair"
  ],
  "suppression_active": false,
  "persons": [
    {
      "conf": 0.862350344657898,
      "box": [
        166.46282958984375,
        66.96380615234375,
        639.3724365234375,
        478.91015625
      ]
    },
    {
      "conf": 0.6555967330932617,
      "box": [
        122.02377319335938,
        284.01055908203125,
        170.97958374023438,
        328.261962890625
      ]
    }
  ],
  "carryables": [
    {
      "label": "cell phone",
      "conf": 0.7591788172721863,
      "box": [
        264.5402526855469,
        175.4177703857422,
        394.0342712402344,
        451.31610107421875
      ]
    }
  ],
  "candidate": {
    "first_seen_at": 1778382196.659296,
    "last_seen_at": 1778382197.783586,
    "interaction_frames": 10,
    "recent_zone_dwell": 1.2539939880371094,
    "last_carryable_label": "cell phone",
    "alert_fired": false
  }
}