{
  "kind": "near_miss",
  "timestamp": 1778382530.362009,
  "frame_seq": 1573,
  "state": "CANDIDATE",
  "cues": [
    "carryable_present:cell phone"
  ],
  "suppression_active": false,
  "persons": [],
  "carryables": [
    {
      "label": "cell phone",
      "conf": 0.8830001354217529,
      "box": [
        134.561767578125,
        259.08392333984375,
        466.06524658203125,
        450.71258544921875
      ]
    }
  ],
  "candidate": {
    "first_seen_at": 1778382499.213867,
    "last_seen_at": 1778382529.575845,
    "interaction_frames": 27,
    "recent_zone_dwell": 3.6345458030700684,
    "last_carryable_label": "cell phone",
    "alert_fired": false
  }
}