{
  "kind": "near_miss",
  "timestamp": 1778382512.0842712,
  "frame_seq": 1534,
  "state": "CANDIDATE",
  "cues": [
    "person_in_zone"
  ],
  "suppression_active": false,
  "persons": [
    {
      "conf": 0.8265467286109924,
      "box": [
        119.34979248046875,
        0.736602783203125,
        631.2628173828125,
        472.6091613769531
      ]
    }
  ],
  "carryables": [],
  "candidate": {
    "first_seen_at": 1778382499.213867,
    "last_seen_at": 1778382502.542602,
    "interaction_frames": 25,
    "recent_zone_dwell": 3.4612748622894287,
    "last_carryable_label": "cell phone",
    "alert_fired": false
  }
}