{
  "kind": "near_miss",
  "timestamp": 1778382507.622375,
  "frame_seq": 1505,
  "state": "CANDIDATE",
  "cues": [
    "person_in_zone"
  ],
  "suppression_active": false,
  "persons": [
    {
      "conf": 0.6291649341583252,
      "box": [
        3.30413818359375,
        0.984130859375,
        635.3427734375,
        475.3285827636719
      ]
    }
  ],
  "carryables": [],
  "candidate": {
    "first_seen_at": 1778382499.213867,
    "last_seen_at": 1778382502.542602,
    "interaction_frames": 25,
    "recent_zone_dwell": 3.4612748622894287,
    "last_carryable_label": "cell phone",
    "alert_fired": false
  }
}