{
  "kind": "emit",
  "timestamp": 1778386094.708906,
  "frame_seq": 2,
  "state": "WATCHING",
  "cues": [
    "person_in_zone"
  ],
  "suppression_active": false,
  "persons": [
    {
      "conf": 0.5948640704154968,
      "box": [
        50.51873779296875,
        164.05804443359375,
        638.0831298828125,
        479.6142578125
      ]
    },
    {
      "conf": 0.4624744653701782,
      "box": [
        102.349609375,
        167.59129333496094,
        421.73779296875,
        479.552978515625
      ]
    }
  ],
  "carryables": [],
  "candidate": null
}