{
  "kind": "near_miss",
  "timestamp": 1778382201.597219,
  "frame_seq": 692,
  "state": "CANDIDATE",
  "cues": [
    "person_in_zone",
    "carryable_present:cell phone",
    "person_carryable_pair"
  ],
  "suppression_active": false,
  "persons": [
    {
      "conf": 0.873079240322113,
      "box": [
        91.9443359375,
        82.07908630371094,
        638.9266357421875,
        478.406494140625
      ]
    },
    {
      "conf": 0.5733344554901123,
      "box": [
        121.41299438476562,
        284.6923828125,
        171.23941040039062,
        328.9410400390625
      ]
    }
  ],
  "carryables": [
    {
      "label": "cell phone",
      "conf": 0.8219229578971863,
      "box": [
        272.26568603515625,
        160.4617462158203,
        399.87335205078125,
        415.69879150390625
      ]
    }
  ],
  "candidate": {
    "first_seen_at": 1778382196.659296,
    "last_seen_at": 1778382201.505357,
    "interaction_frames": 40,
    "recent_zone_dwell": 4.975764989852905,
    "last_carryable_label": "cell phone",
    "alert_fired": false
  }
}