{
  "kind": "near_miss",
  "timestamp": 1778383239.736268,
  "frame_seq": 252,
  "state": "CANDIDATE",
  "cues": [
    "person_in_zone",
    "carryable_present:cell phone",
    "person_carryable_pair"
  ],
  "suppression_active": false,
  "persons": [
    {
      "conf": 0.9420909881591797,
      "box": [
        357.9630126953125,
        93.3895263671875,
        639.672607421875,
        479.10760498046875
      ]
    },
    {
      "conf": 0.9372437596321106,
      "box": [
        0.4473876953125,
        124.747314453125,
        319.7820129394531,
        479.46099853515625
      ]
    },
    {
      "conf": 0.5976057052612305,
      "box": [
        226.13955688476562,
        250.41973876953125,
        327.0114440917969,
        405.59954833984375
      ]
    },
    {
      "conf": 0.4021338224411011,
      "box": [
        226.8285369873047,
        251.75460815429688,
        327.27874755859375,
        347.8105773925781
      ]
    }
  ],
  "carryables": [
    {
      "label": "cell phone",
      "conf": 0.7362778782844543,
      "box": [
        432.9859619140625,
        352.76763916015625,
        544.4503173828125,
        425.52545166015625
      ]
    }
  ],
  "candidate": {
    "first_seen_at": 1778383239.511494,
    "last_seen_at": 1778383239.6466649,
    "interaction_frames": 2,
    "recent_zone_dwell": 0.2335188388824463,
    "last_carryable_label": "cell phone",
    "alert_fired": false
  }
}