{
  "kind": "emit",
  "timestamp": 1778390373.970876,
  "frame_seq": 34,
  "state": "CANDIDATE",
  "cues": [
    "person_in_zone",
    "carryable_recent:backpack",
    "person_carryable_pair"
  ],
  "suppression_active": true,
  "persons": [
    {
      "conf": 0.6956428289413452,
      "box": [
        0.899993896484375,
        1.24365234375,
        281.0929870605469,
        369.0791015625
      ]
    }
  ],
  "carryables": [],
  "candidate": {
    "first_seen_at": 1778390373.5843,
    "last_seen_at": 1778390373.84493,
    "interaction_frames": 4,
    "recent_zone_dwell": 0.3470897674560547,
    "last_carryable_label": "backpack",
    "alert_fired": true
  }
}