{
  "kind": "emit_dropped",
  "timestamp": 1778381452.750561,
  "frame_seq": 5986,
  "state": "CANDIDATE",
  "cues": [
    "person_in_zone",
    "carryable_present:laptop",
    "person_carryable_pair"
  ],
  "suppression_active": true,
  "persons": [
    {
      "conf": 0.9324429035186768,
      "box": [
        59.13153076171875,
        227.3470001220703,
        411.07440185546875,
        479.56988525390625
      ]
    },
    {
      "conf": 0.8968202471733093,
      "box": [
        443.3985595703125,
        223.64466857910156,
        556.3140258789062,
        479.623046875
      ]
    },
    {
      "conf": 0.6650561094284058,
      "box": [
        147.17529296875,
        308.98211669921875,
        201.2542724609375,
        381.51019287109375
      ]
    },
    {
      "conf": 0.5882455110549927,
      "box": [
        309.0914306640625,
        362.7275390625,
        363.9542236328125,
        419.67510986328125
      ]
    }
  ],
  "carryables": [
    {
      "label": "laptop",
      "conf": 0.7437282800674438,
      "box": [
        367.7012939453125,
        390.93719482421875,
        417.138671875,
        422.58917236328125
      ]
    }
  ],
  "candidate": {
    "first_seen_at": 1778381452.335423,
    "last_seen_at": 1778381452.5495412,
    "interaction_frames": 2,
    "recent_zone_dwell": 0.4288933277130127,
    "last_carryable_label": "laptop",
    "alert_fired": true
  }
}