{
  "kind": "near_miss",
  "timestamp": 1778382506.625141,
  "frame_seq": 1498,
  "state": "CANDIDATE",
  "cues": [
    "person_in_zone"
  ],
  "suppression_active": false,
  "persons": [
    {
      "conf": 0.5252338647842407,
      "box": [
        163.00865173339844,
        0.0,
        633.996826171875,
        476.5813903808594
      ]
    }
  ],
  "carryables": [],
  "candidate": {
    "first_seen_at": 1778382499.213867,
    "last_seen_at": 1778382502.542602,
    "interaction_frames": 25,
    "recent_zone_dwell": 3.4612748622894287,
    "last_carryable_label": "cell phone",
    "alert_fired": false
  }
}