{
  "kind": "near_miss",
  "timestamp": 1778382502.865365,
  "frame_seq": 1471,
  "state": "CANDIDATE",
  "cues": [
    "person_in_zone"
  ],
  "suppression_active": false,
  "persons": [
    {
      "conf": 0.6711774468421936,
      "box": [
        193.56207275390625,
        0.63250732421875,
        639.9329833984375,
        344.5029296875
      ]
    }
  ],
  "carryables": [],
  "candidate": {
    "first_seen_at": 1778382499.213867,
    "last_seen_at": 1778382502.542602,
    "interaction_frames": 25,
    "recent_zone_dwell": 3.4612748622894287,
    "last_carryable_label": "cell phone",
    "alert_fired": false
  }
}