{
  "kind": "near_miss",
  "timestamp": 1778382513.6089542,
  "frame_seq": 1546,
  "state": "CANDIDATE",
  "cues": [
    "carryable_present:cell phone"
  ],
  "suppression_active": false,
  "persons": [],
  "carryables": [
    {
      "label": "cell phone",
      "conf": 0.8090075850486755,
      "box": [
        134.78799438476562,
        263.00469970703125,
        465.9766540527344,
        452.68463134765625
      ]
    }
  ],
  "candidate": {
    "first_seen_at": 1778382499.213867,
    "last_seen_at": 1778382502.542602,
    "interaction_frames": 25,
    "recent_zone_dwell": 3.4612748622894287,
    "last_carryable_label": "cell phone",
    "alert_fired": false
  }
}