{
  "kind": "near_miss",
  "timestamp": 1778382503.5277069,
  "frame_seq": 1476,
  "state": "CANDIDATE",
  "cues": [
    "person_in_zone"
  ],
  "suppression_active": false,
  "persons": [
    {
      "conf": 0.6990262269973755,
      "box": [
        192.5050048828125,
        0.33807373046875,
        639.3948974609375,
        476.96746826171875
      ]
    }
  ],
  "carryables": [],
  "candidate": {
    "first_seen_at": 1778382499.213867,
    "last_seen_at": 1778382502.542602,
    "interaction_frames": 25,
    "recent_zone_dwell": 3.4612748622894287,
    "last_carryable_label": "cell phone",
    "alert_fired": false
  }
}