{
  "kind": "emit",
  "timestamp": 1778393787.905217,
  "frame_seq": 1286,
  "state": "THEFT_CONFIRMED",
  "cues": [
    "package_missing",
    "person_present",
    "person_near_anchor",
    "theft_confirmed"
  ],
  "suppression_active": false,
  "persons": [
    {
      "conf": 0.6986029744148254,
      "box": [
        252.07154846191406,
        257.95684814453125,
        296.1055908203125,
        311.14630126953125
      ]
    },
    {
      "conf": 0.51616370677948,
      "box": [
        492.35955810546875,
        235.2881622314453,
        530.9166870117188,
        292.84710693359375
      ]
    },
    {
      "conf": 0.4827175736427307,
      "box": [
        497.34136962890625,
        265.5549011230469,
        582.0148315429688,
        363.9983215332031
      ]
    }
  ],
  "carryables": [],
  "candidate": null
}