{
  "kind": "near_miss",
  "timestamp": 1778377954.342346,
  "frame_seq": 5675,
  "state": "CANDIDATE",
  "cues": [
    "person_in_zone",
    "carryable_present:laptop"
  ],
  "suppression_active": false,
  "persons": [
    {
      "conf": 0.8174025416374207,
      "box": [
        257.7230529785156,
        394.06561279296875,
        391.0954284667969,
        479.73052978515625
      ]
    },
    {
      "conf": 0.6142826080322266,
      "box": [
        79.525390625,
        288.9761962890625,
        315.64105224609375,
        479.8165283203125
      ]
    },
    {
      "conf": 0.5551428198814392,
      "box": [
        497.6254577636719,
        416.96649169921875,
        535.359130859375,
        474.65106201171875
      ]
    },
    {
      "conf": 0.4984776973724365,
      "box": [
        69.0980224609375,
        401.2822570800781,
        110.58819580078125,
        470.3788757324219
      ]
    }
  ],
  "carryables": [
    {
      "label": "laptop",
      "conf": 0.3088235557079315,
      "box": [
        1.0224685668945312,
        427.4993896484375,
        76.24735260009766,
        477.87298583984375
      ]
    }
  ],
  "candidate": {
    "first_seen_at": 1778377930.5625842,
    "last_seen_at": 1778377939.123956,
    "interaction_frames": 2,
    "recent_zone_dwell": 0.21991610527038574,
    "last_carryable_label": "laptop",
    "alert_fired": false
  }
}