{
  "kind": "near_miss",
  "timestamp": 1778382506.357651,
  "frame_seq": 1496,
  "state": "CANDIDATE",
  "cues": [
    "person_in_zone"
  ],
  "suppression_active": false,
  "persons": [
    {
      "conf": 0.5662062764167786,
      "box": [
        147.243896484375,
        0.0,
        637.0055541992188,
        479.072509765625
      ]
    }
  ],
  "carryables": [],
  "candidate": {
    "first_seen_at": 1778382499.213867,
    "last_seen_at": 1778382502.542602,
    "interaction_frames": 25,
    "recent_zone_dwell": 3.4612748622894287,
    "last_carryable_label": "cell phone",
    "alert_fired": false
  }
}