{
  "kind": "near_miss",
  "timestamp": 1778383076.7569542,
  "frame_seq": 108,
  "state": "CANDIDATE",
  "cues": [
    "carryable_present:cell phone"
  ],
  "suppression_active": false,
  "persons": [],
  "carryables": [
    {
      "label": "cell phone",
      "conf": 0.6190568804740906,
      "box": [
        190.8820037841797,
        330.35272216796875,
        371.66534423828125,
        388.34661865234375
      ]
    }
  ],
  "candidate": {
    "first_seen_at": 1778383075.489894,
    "last_seen_at": 1778383075.87638,
    "interaction_frames": 4,
    "recent_zone_dwell": 0.5603399276733398,
    "last_carryable_label": "cell phone",
    "alert_fired": false
  }
}