{
  "kind": "emit",
  "timestamp": 1778377818.265871,
  "frame_seq": 4677,
  "state": "CANDIDATE",
  "cues": [
    "person_in_zone",
    "carryable_present:laptop",
    "person_carryable_pair"
  ],
  "suppression_active": true,
  "persons": [
    {
      "conf": 0.9047377109527588,
      "box": [
        2.39080810546875,
        98.10423278808594,
        633.57958984375,
        479.2784423828125
      ]
    },
    {
      "conf": 0.7892943024635315,
      "box": [
        36.004486083984375,
        235.46612548828125,
        107.07273864746094,
        332.1341552734375
      ]
    },
    {
      "conf": 0.6273689270019531,
      "box": [
        110.79783630371094,
        250.84603881835938,
        171.7697296142578,
        326.5185241699219
      ]
    }
  ],
  "carryables": [
    {
      "label": "laptop",
      "conf": 0.2822089195251465,
      "box": [
        92.8828125,
        317.8486633300781,
        159.0369873046875,
        355.5350646972656
      ]
    }
  ],
  "candidate": {
    "first_seen_at": 1778377817.9971468,
    "last_seen_at": 1778377818.2107441,
    "interaction_frames": 3,
    "recent_zone_dwell": 0.3450150489807129,
    "last_carryable_label": "laptop",
    "alert_fired": true
  }
}