{
  "kind": "near_miss",
  "timestamp": 1778382508.949763,
  "frame_seq": 1515,
  "state": "CANDIDATE",
  "cues": [
    "person_in_zone"
  ],
  "suppression_active": false,
  "persons": [
    {
      "conf": 0.7838698029518127,
      "box": [
        197.1231689453125,
        0.1209716796875,
        628.4446411132812,
        454.5544128417969
      ]
    }
  ],
  "carryables": [],
  "candidate": {
    "first_seen_at": 1778382499.213867,
    "last_seen_at": 1778382502.542602,
    "interaction_frames": 25,
    "recent_zone_dwell": 3.4612748622894287,
    "last_carryable_label": "cell phone",
    "alert_fired": false
  }
}