{
  "kind": "near_miss",
  "timestamp": 1778383061.4708428,
  "frame_seq": 42,
  "state": "CANDIDATE",
  "cues": [
    "carryable_present:cell phone"
  ],
  "suppression_active": false,
  "persons": [],
  "carryables": [
    {
      "label": "cell phone",
      "conf": 0.8822714686393738,
      "box": [
        202.72998046875,
        315.279052734375,
        313.92633056640625,
        411.728759765625
      ]
    }
  ],
  "candidate": {
    "first_seen_at": 1778383059.271615,
    "last_seen_at": 1778383060.519234,
    "interaction_frames": 5,
    "recent_zone_dwell": 0.5632071495056152,
    "last_carryable_label": "cell phone",
    "alert_fired": false
  }
}