{
  "kind": "emit",
  "timestamp": 1778381144.6697931,
  "frame_seq": 3863,
  "state": "CANDIDATE",
  "cues": [
    "person_in_zone",
    "carryable_recent:backpack",
    "person_carryable_pair"
  ],
  "suppression_active": true,
  "persons": [
    {
      "conf": 0.9233944416046143,
      "box": [
        0.0,
        137.64015197753906,
        486.1516418457031,
        479.5006103515625
      ]
    },
    {
      "conf": 0.7630218267440796,
      "box": [
        445.3116455078125,
        278.14569091796875,
        516.4571533203125,
        376.53753662109375
      ]
    },
    {
      "conf": 0.5074489116668701,
      "box": [
        267.4037170410156,
        166.40411376953125,
        361.7991027832031,
        359.61688232421875
      ]
    },
    {
      "conf": 0.4063083529472351,
      "box": [
        269.6804504394531,
        166.2459259033203,
        429.3144836425781,
        375.29351806640625
      ]
    }
  ],
  "carryables": [],
  "candidate": {
    "first_seen_at": 1778381144.403297,
    "last_seen_at": 1778381144.619444,
    "interaction_frames": 3,
    "recent_zone_dwell": 0.3465447425842285,
    "last_carryable_label": "backpack",
    "alert_fired": true
  }
}