{
  "kind": "emit",
  "timestamp": 1778370713.447855,
  "frame_seq": 387,
  "state": "CANDIDATE",
  "cues": [
    "person_in_zone",
    "carryable_present:backpack",
    "person_carryable_pair"
  ],
  "suppression_active": true,
  "persons": [
    {
      "conf": 0.9027668237686157,
      "box": [
        1.44873046875,
        0.5953369140625,
        320.1575927734375,
        478.90093994140625
      ]
    },
    {
      "conf": 0.6688119173049927,
      "box": [
        298.39715576171875,
        0.80535888671875,
        639.6959228515625,
        475.7918701171875
      ]
    },
    {
      "conf": 0.46217361092567444,
      "box": [
        403.75006103515625,
        0.0809326171875,
        639.5409545898438,
        468.56060791015625
      ]
    }
  ],
  "carryables": [
    {
      "label": "backpack",
      "conf": 0.5334855318069458,
      "box": [
        298.40570068359375,
        163.1678466796875,
        570.26416015625,
        470.54425048828125
      ]
    }
  ],
  "candidate": {
    "first_seen_at": 1778370713.1873028,
    "last_seen_at": 1778370713.397019,
    "interaction_frames": 3,
    "recent_zone_dwell": 0.33883190155029297,
    "last_carryable_label": "backpack",
    "alert_fired": true
  }
}