{
  "kind": "emit",
  "timestamp": 1778394813.5570781,
  "frame_seq": 985,
  "state": "THEFT_CONFIRMED",
  "cues": [
    "package_missing",
    "person_present",
    "person_near_anchor",
    "theft_confirmed"
  ],
  "suppression_active": false,
  "persons": [
    {
      "conf": 0.8721175193786621,
      "box": [
        8.55865478515625,
        107.84515380859375,
        637.6002807617188,
        478.99261474609375
      ]
    },
    {
      "conf": 0.4603058397769928,
      "box": [
        41.661827087402344,
        336.5045471191406,
        78.69831848144531,
        372.1673278808594
      ]
    },
    {
      "conf": 0.4201402962207794,
      "box": [
        533.677978515625,
        342.49371337890625,
        573.099853515625,
        380.25994873046875
      ]
    }
  ],
  "carryables": [],
  "candidate": null
}