{
  "kind": "near_miss",
  "timestamp": 1778377995.040668,
  "frame_seq": 5890,
  "state": "CANDIDATE",
  "cues": [
    "person_in_zone",
    "carryable_present:laptop",
    "person_carryable_pair"
  ],
  "suppression_active": false,
  "persons": [
    {
      "conf": 0.8167999386787415,
      "box": [
        326.55401611328125,
        388.0745849609375,
        476.38568115234375,
        479.8695068359375
      ]
    },
    {
      "conf": 0.6948055028915405,
      "box": [
        187.00372314453125,
        294.87738037109375,
        370.17425537109375,
        479.89508056640625
      ]
    },
    {
      "conf": 0.4858503043651581,
      "box": [
        151.8580780029297,
        407.46234130859375,
        192.0025177001953,
        471.04473876953125
      ]
    }
  ],
  "carryables": [
    {
      "label": "laptop",
      "conf": 0.4077550172805786,
      "box": [
        472.561767578125,
        437.7587890625,
        524.2901611328125,
        471.26715087890625
      ]
    },
    {
      "label": "laptop",
      "conf": 0.2960638105869293,
      "box": [
        89.16893005371094,
        428.9145812988281,
        158.052978515625,
        471.6259460449219
      ]
    }
  ],
  "candidate": {
    "first_seen_at": 1778377994.9130182,
    "last_seen_at": 1778377995.00042,
    "interaction_frames": 2,
    "recent_zone_dwell": 0.21616101264953613,
    "last_carryable_label": "laptop",
    "alert_fired": false
  }
}