{
  "kind": "near_miss",
  "timestamp": 1778377955.5507011,
  "frame_seq": 5687,
  "state": "CANDIDATE",
  "cues": [
    "person_in_zone",
    "carryable_present:laptop"
  ],
  "suppression_active": false,
  "persons": [
    {
      "conf": 0.7773405313491821,
      "box": [
        258.30535888671875,
        394.9951171875,
        391.61187744140625,
        479.61962890625
      ]
    },
    {
      "conf": 0.7620866894721985,
      "box": [
        72.8128662109375,
        290.53546142578125,
        311.80029296875,
        479.70220947265625
      ]
    },
    {
      "conf": 0.6323992609977722,
      "box": [
        497.6641845703125,
        417.05682373046875,
        536.1649169921875,
        477.37103271484375
      ]
    },
    {
      "conf": 0.4399423599243164,
      "box": [
        68.26809692382812,
        401.13153076171875,
        110.4710693359375,
        469.21630859375
      ]
    }
  ],
  "carryables": [
    {
      "label": "laptop",
      "conf": 0.28270646929740906,
      "box": [
        0.8326339721679688,
        427.111083984375,
        76.43447875976562,
        478.2884521484375
      ]
    }
  ],
  "candidate": {
    "first_seen_at": 1778377930.5625842,
    "last_seen_at": 1778377939.123956,
    "interaction_frames": 2,
    "recent_zone_dwell": 0.21991610527038574,
    "last_carryable_label": "laptop",
    "alert_fired": false
  }
}