{
  "kind": "near_miss",
  "timestamp": 1778377952.3987908,
  "frame_seq": 5656,
  "state": "CANDIDATE",
  "cues": [
    "person_in_zone",
    "carryable_present:laptop"
  ],
  "suppression_active": false,
  "persons": [
    {
      "conf": 0.7826011776924133,
      "box": [
        257.6455383300781,
        394.9881591796875,
        391.2473449707031,
        479.6629638671875
      ]
    },
    {
      "conf": 0.54598069190979,
      "box": [
        74.81324005126953,
        289.250244140625,
        307.7354736328125,
        479.6790771484375
      ]
    },
    {
      "conf": 0.5302329659461975,
      "box": [
        68.92794799804688,
        402.67877197265625,
        110.56869506835938,
        470.77606201171875
      ]
    },
    {
      "conf": 0.4769325852394104,
      "box": [
        389.70452880859375,
        402.41357421875,
        444.55706787109375,
        472.5469970703125
      ]
    }
  ],
  "carryables": [
    {
      "label": "laptop",
      "conf": 0.385759174823761,
      "box": [
        1.4060211181640625,
        427.1825866699219,
        76.60899353027344,
        477.5766906738281
      ]
    }
  ],
  "candidate": {
    "first_seen_at": 1778377930.5625842,
    "last_seen_at": 1778377939.123956,
    "interaction_frames": 2,
    "recent_zone_dwell": 0.21991610527038574,
    "last_carryable_label": "laptop",
    "alert_fired": false
  }
}