{
  "kind": "near_miss",
  "timestamp": 1778383062.952319,
  "frame_seq": 56,
  "state": "CANDIDATE",
  "cues": [
    "carryable_present:cell phone"
  ],
  "suppression_active": false,
  "persons": [],
  "carryables": [
    {
      "label": "cell phone",
      "conf": 0.8799885511398315,
      "box": [
        201.44168090820312,
        308.7345886230469,
        312.9414367675781,
        405.7774963378906
      ]
    }
  ],
  "candidate": {
    "first_seen_at": 1778383059.271615,
    "last_seen_at": 1778383060.519234,
    "interaction_frames": 5,
    "recent_zone_dwell": 0.5632071495056152,
    "last_carryable_label": "cell phone",
    "alert_fired": false
  }
}