{
  "kind": "near_miss",
  "timestamp": 1778383062.454131,
  "frame_seq": 51,
  "state": "CANDIDATE",
  "cues": [
    "carryable_present:cell phone"
  ],
  "suppression_active": false,
  "persons": [],
  "carryables": [
    {
      "label": "cell phone",
      "conf": 0.8421606421470642,
      "box": [
        201.23118591308594,
        311.2298278808594,
        312.7291259765625,
        408.6355895996094
      ]
    }
  ],
  "candidate": {
    "first_seen_at": 1778383059.271615,
    "last_seen_at": 1778383060.519234,
    "interaction_frames": 5,
    "recent_zone_dwell": 0.5632071495056152,
    "last_carryable_label": "cell phone",
    "alert_fired": false
  }
}