{
  "kind": "emit_dropped",
  "timestamp": 1778389032.565282,
  "frame_seq": 252,
  "state": "CANDIDATE",
  "cues": [
    "person_in_zone",
    "carryable_removed:backpack"
  ],
  "suppression_active": true,
  "persons": [
    {
      "conf": 0.8646619915962219,
      "box": [
        1.00079345703125,
        0.0,
        457.09307861328125,
        478.5973205566406
      ]
    },
    {
      "conf": 0.6173897385597229,
      "box": [
        342.5342712402344,
        173.48516845703125,
        380.0604553222656,
        256.3778076171875
      ]
    },
    {
      "conf": 0.4602780044078827,
      "box": [
        274.3839111328125,
        209.387939453125,
        434.4818115234375,
        454.01959228515625
      ]
    },
    {
      "conf": 0.4274141192436218,
      "box": [
        318.17803955078125,
        203.71157836914062,
        361.82891845703125,
        278.6768493652344
      ]
    }
  ],
  "carryables": [],
  "candidate": {
    "first_seen_at": 1778389006.3985019,
    "last_seen_at": 1778389031.830215,
    "interaction_frames": 3,
    "recent_zone_dwell": 0.3,
    "last_carryable_label": "backpack",
    "alert_fired": true
  }
}