{
  "kind": "near_miss",
  "timestamp": 1778383077.43545,
  "frame_seq": 113,
  "state": "CANDIDATE",
  "cues": [
    "carryable_present:cell phone"
  ],
  "suppression_active": false,
  "persons": [],
  "carryables": [
    {
      "label": "cell phone",
      "conf": 0.6553685665130615,
      "box": [
        190.91439819335938,
        329.97564697265625,
        371.5283508300781,
        388.62689208984375
      ]
    }
  ],
  "candidate": {
    "first_seen_at": 1778383075.489894,
    "last_seen_at": 1778383075.87638,
    "interaction_frames": 4,
    "recent_zone_dwell": 0.5603399276733398,
    "last_carryable_label": "cell phone",
    "alert_fired": false
  }
}