{
  "kind": "near_miss",
  "timestamp": 1778382316.958176,
  "frame_seq": 39,
  "state": "CANDIDATE",
  "cues": [
    "person_in_zone"
  ],
  "suppression_active": false,
  "persons": [
    {
      "conf": 0.6487439274787903,
      "box": [
        127.0703125,
        204.55519104003906,
        412.68389892578125,
        479.440673828125
      ]
    },
    {
      "conf": 0.5528972744941711,
      "box": [
        113.34059143066406,
        276.28814697265625,
        161.60877990722656,
        330.13348388671875
      ]
    }
  ],
  "carryables": [],
  "candidate": {
    "first_seen_at": 1778382316.461117,
    "last_seen_at": 1778382316.769274,
    "interaction_frames": 2,
    "recent_zone_dwell": 0.2222273349761963,
    "last_carryable_label": null,
    "alert_fired": false
  }
}