{
  "kind": "near_miss",
  "timestamp": 1778377950.2701252,
  "frame_seq": 5636,
  "state": "CANDIDATE",
  "cues": [
    "person_in_zone",
    "carryable_present:laptop"
  ],
  "suppression_active": false,
  "persons": [
    {
      "conf": 0.7977401614189148,
      "box": [
        260.6973876953125,
        394.4576416015625,
        391.5330810546875,
        479.85107421875
      ]
    },
    {
      "conf": 0.5760881304740906,
      "box": [
        12.013343811035156,
        388.005859375,
        45.82561492919922,
        426.4886474609375
      ]
    },
    {
      "conf": 0.47754308581352234,
      "box": [
        382.75933837890625,
        402.02886962890625,
        443.91033935546875,
        472.41455078125
      ]
    },
    {
      "conf": 0.45091480016708374,
      "box": [
        105.86095428466797,
        291.01678466796875,
        319.03863525390625,
        479.82476806640625
      ]
    }
  ],
  "carryables": [
    {
      "label": "laptop",
      "conf": 0.5880974531173706,
      "box": [
        1.1206893920898438,
        427.2809143066406,
        76.15985870361328,
        478.7600402832031
      ]
    }
  ],
  "candidate": {
    "first_seen_at": 1778377930.5625842,
    "last_seen_at": 1778377939.123956,
    "interaction_frames": 2,
    "recent_zone_dwell": 0.21991610527038574,
    "last_carryable_label": "laptop",
    "alert_fired": false
  }
}