{
  "kind": "near_miss",
  "timestamp": 1778382509.325644,
  "frame_seq": 1518,
  "state": "CANDIDATE",
  "cues": [
    "person_in_zone"
  ],
  "suppression_active": false,
  "persons": [
    {
      "conf": 0.7943395972251892,
      "box": [
        193.98638916015625,
        0.0,
        623.5909423828125,
        446.39874267578125
      ]
    }
  ],
  "carryables": [],
  "candidate": {
    "first_seen_at": 1778382499.213867,
    "last_seen_at": 1778382502.542602,
    "interaction_frames": 25,
    "recent_zone_dwell": 3.4612748622894287,
    "last_carryable_label": "cell phone",
    "alert_fired": false
  }
}