{
  "kind": "near_miss",
  "timestamp": 1778383061.687836,
  "frame_seq": 44,
  "state": "CANDIDATE",
  "cues": [
    "carryable_present:cell phone"
  ],
  "suppression_active": false,
  "persons": [],
  "carryables": [
    {
      "label": "cell phone",
      "conf": 0.8382665514945984,
      "box": [
        201.81173706054688,
        307.18450927734375,
        313.5676574707031,
        403.55352783203125
      ]
    }
  ],
  "candidate": {
    "first_seen_at": 1778383059.271615,
    "last_seen_at": 1778383060.519234,
    "interaction_frames": 5,
    "recent_zone_dwell": 0.5632071495056152,
    "last_carryable_label": "cell phone",
    "alert_fired": false
  }
}