{
  "kind": "near_miss",
  "timestamp": 1778383079.631078,
  "frame_seq": 129,
  "state": "CANDIDATE",
  "cues": [
    "carryable_present:cell phone"
  ],
  "suppression_active": false,
  "persons": [],
  "carryables": [
    {
      "label": "cell phone",
      "conf": 0.6282432675361633,
      "box": [
        190.8485107421875,
        329.81353759765625,
        371.61492919921875,
        388.50433349609375
      ]
    }
  ],
  "candidate": {
    "first_seen_at": 1778383075.489894,
    "last_seen_at": 1778383075.87638,
    "interaction_frames": 4,
    "recent_zone_dwell": 0.5603399276733398,
    "last_carryable_label": "cell phone",
    "alert_fired": false
  }
}