{
  "kind": "near_miss",
  "timestamp": 1778377953.9574552,
  "frame_seq": 5671,
  "state": "CANDIDATE",
  "cues": [
    "person_in_zone",
    "carryable_present:laptop"
  ],
  "suppression_active": false,
  "persons": [
    {
      "conf": 0.8190852999687195,
      "box": [
        257.227294921875,
        394.1812744140625,
        391.6041259765625,
        479.72198486328125
      ]
    },
    {
      "conf": 0.566022515296936,
      "box": [
        80.0896987915039,
        288.65521240234375,
        316.8008728027344,
        479.82696533203125
      ]
    },
    {
      "conf": 0.5220943093299866,
      "box": [
        498.2677001953125,
        416.95489501953125,
        534.3314208984375,
        466.90655517578125
      ]
    },
    {
      "conf": 0.4848223626613617,
      "box": [
        384.7152099609375,
        402.37030029296875,
        443.965087890625,
        473.05474853515625
      ]
    }
  ],
  "carryables": [
    {
      "label": "laptop",
      "conf": 0.3496749997138977,
      "box": [
        1.0139007568359375,
        427.23541259765625,
        76.55421447753906,
        477.91278076171875
      ]
    }
  ],
  "candidate": {
    "first_seen_at": 1778377930.5625842,
    "last_seen_at": 1778377939.123956,
    "interaction_frames": 2,
    "recent_zone_dwell": 0.21991610527038574,
    "last_carryable_label": "laptop",
    "alert_fired": false
  }
}