{
  "kind": "near_miss",
  "timestamp": 1778382515.795084,
  "frame_seq": 1556,
  "state": "CANDIDATE",
  "cues": [
    "carryable_present:cell phone"
  ],
  "suppression_active": false,
  "persons": [],
  "carryables": [
    {
      "label": "cell phone",
      "conf": 0.8541916608810425,
      "box": [
        134.81231689453125,
        263.9403991699219,
        466.32012939453125,
        451.9338684082031
      ]
    }
  ],
  "candidate": {
    "first_seen_at": 1778382499.213867,
    "last_seen_at": 1778382502.542602,
    "interaction_frames": 25,
    "recent_zone_dwell": 3.4612748622894287,
    "last_carryable_label": "cell phone",
    "alert_fired": false
  }
}