{
  "kind": "near_miss",
  "timestamp": 1778382509.081244,
  "frame_seq": 1516,
  "state": "CANDIDATE",
  "cues": [
    "person_in_zone"
  ],
  "suppression_active": false,
  "persons": [
    {
      "conf": 0.6832355856895447,
      "box": [
        195.19940185546875,
        0.0,
        626.1345825195312,
        454.2640380859375
      ]
    }
  ],
  "carryables": [],
  "candidate": {
    "first_seen_at": 1778382499.213867,
    "last_seen_at": 1778382502.542602,
    "interaction_frames": 25,
    "recent_zone_dwell": 3.4612748622894287,
    "last_carryable_label": "cell phone",
    "alert_fired": false
  }
}