{
  "kind": "near_miss",
  "timestamp": 1778382531.193289,
  "frame_seq": 1581,
  "state": "CANDIDATE",
  "cues": [
    "carryable_present:cell phone"
  ],
  "suppression_active": false,
  "persons": [],
  "carryables": [
    {
      "label": "cell phone",
      "conf": 0.897274374961853,
      "box": [
        133.51483154296875,
        263.4117431640625,
        466.73699951171875,
        451.1624755859375
      ]
    }
  ],
  "candidate": {
    "first_seen_at": 1778382499.213867,
    "last_seen_at": 1778382529.575845,
    "interaction_frames": 27,
    "recent_zone_dwell": 3.6345458030700684,
    "last_carryable_label": "cell phone",
    "alert_fired": false
  }
}