{
  "kind": "near_miss",
  "timestamp": 1778382512.489402,
  "frame_seq": 1537,
  "state": "CANDIDATE",
  "cues": [
    "person_in_zone"
  ],
  "suppression_active": false,
  "persons": [
    {
      "conf": 0.8083083629608154,
      "box": [
        102.431640625,
        0.684539794921875,
        631.46142578125,
        450.3974609375
      ]
    }
  ],
  "carryables": [],
  "candidate": {
    "first_seen_at": 1778382499.213867,
    "last_seen_at": 1778382502.542602,
    "interaction_frames": 25,
    "recent_zone_dwell": 3.4612748622894287,
    "last_carryable_label": "cell phone",
    "alert_fired": false
  }
}