{
  "kind": "near_miss",
  "timestamp": 1778372870.33729,
  "frame_seq": 1513,
  "state": "CANDIDATE",
  "cues": [
    "person_in_zone",
    "carryable_present:suitcase"
  ],
  "suppression_active": false,
  "persons": [
    {
      "conf": 0.7325989603996277,
      "box": [
        390.65704345703125,
        385.83355712890625,
        444.85833740234375,
        431.22332763671875
      ]
    },
    {
      "conf": 0.6409307718276978,
      "box": [
        0.267578125,
        22.15216064453125,
        208.62973022460938,
        475.46844482421875
      ]
    },
    {
      "conf": 0.5475311875343323,
      "box": [
        373.2016296386719,
        394.38824462890625,
        392.3133850097656,
        421.03271484375
      ]
    }
  ],
  "carryables": [
    {
      "label": "suitcase",
      "conf": 0.44569915533065796,
      "box": [
        0.0,
        186.57330322265625,
        205.93223571777344,
        411.32855224609375
      ]
    }
  ],
  "candidate": {
    "first_seen_at": 1778372861.030519,
    "last_seen_at": 1778372868.689306,
    "interaction_frames": 3,
    "recent_zone_dwell": 0.2975020408630371,
    "last_carryable_label": "backpack",
    "alert_fired": false
  }
}