{
  "kind": "near_miss",
  "timestamp": 1778383076.6301901,
  "frame_seq": 107,
  "state": "CANDIDATE",
  "cues": [
    "carryable_present:cell phone"
  ],
  "suppression_active": false,
  "persons": [],
  "carryables": [
    {
      "label": "cell phone",
      "conf": 0.626389741897583,
      "box": [
        190.88421630859375,
        330.4969482421875,
        371.72698974609375,
        388.395751953125
      ]
    }
  ],
  "candidate": {
    "first_seen_at": 1778383075.489894,
    "last_seen_at": 1778383075.87638,
    "interaction_frames": 4,
    "recent_zone_dwell": 0.5603399276733398,
    "last_carryable_label": "cell phone",
    "alert_fired": false
  }
}