{
  "kind": "near_miss",
  "timestamp": 1778382317.238794,
  "frame_seq": 42,
  "state": "CANDIDATE",
  "cues": [
    "person_in_zone"
  ],
  "suppression_active": false,
  "persons": [
    {
      "conf": 0.55690997838974,
      "box": [
        113.52924346923828,
        276.41119384765625,
        161.46026611328125,
        330.12249755859375
      ]
    }
  ],
  "carryables": [],
  "candidate": {
    "first_seen_at": 1778382316.461117,
    "last_seen_at": 1778382316.769274,
    "interaction_frames": 2,
    "recent_zone_dwell": 0.2222273349761963,
    "last_carryable_label": null,
    "alert_fired": false
  }
}