{
  "kind": "near_miss",
  "timestamp": 1778381435.046466,
  "frame_seq": 5956,
  "state": "CANDIDATE",
  "cues": [
    "person_in_zone",
    "carryable_recent:laptop",
    "person_carryable_pair"
  ],
  "suppression_active": false,
  "persons": [
    {
      "conf": 0.9145687818527222,
      "box": [
        92.84542846679688,
        269.8990478515625,
        405.43096923828125,
        479.62646484375
      ]
    },
    {
      "conf": 0.5873873233795166,
      "box": [
        447.15191650390625,
        367.9500732421875,
        490.24017333984375,
        421.2615966796875
      ]
    },
    {
      "conf": 0.5600671172142029,
      "box": [
        347.7273254394531,
        355.8568115234375,
        458.6153259277344,
        479.61322021484375
      ]
    },
    {
      "conf": 0.43561556935310364,
      "box": [
        147.84219360351562,
        315.6953125,
        202.81674194335938,
        382.14007568359375
      ]
    }
  ],
  "carryables": [],
  "candidate": {
    "first_seen_at": 1778381434.9092438,
    "last_seen_at": 1778381434.992918,
    "interaction_frames": 2,
    "recent_zone_dwell": 0.2156510353088379,
    "last_carryable_label": "laptop",
    "alert_fired": false
  }
}