{
  "kind": "emit",
  "timestamp": 1778372637.100081,
  "frame_seq": 1187,
  "state": "CANDIDATE",
  "cues": [
    "person_in_zone",
    "carryable_recent:suitcase",
    "person_carryable_pair"
  ],
  "suppression_active": true,
  "persons": [
    {
      "conf": 0.8792939186096191,
      "box": [
        491.121826171875,
        0.2816162109375,
        639.3408203125,
        478.92242431640625
      ]
    },
    {
      "conf": 0.6321220397949219,
      "box": [
        430.2615661621094,
        397.8978271484375,
        480.7810363769531,
        443.1982421875
      ]
    },
    {
      "conf": 0.453117698431015,
      "box": [
        411.26800537109375,
        405.4044494628906,
        433.24896240234375,
        433.6125183105469
      ]
    },
    {
      "conf": 0.40921249985694885,
      "box": [
        36.328399658203125,
        238.0435791015625,
        412.0256042480469,
        479.60833740234375
      ]
    }
  ],
  "carryables": [],
  "candidate": {
    "first_seen_at": 1778372636.8547242,
    "last_seen_at": 1778372637.064491,
    "interaction_frames": 3,
    "recent_zone_dwell": 0.30097103118896484,
    "last_carryable_label": "suitcase",
    "alert_fired": true
  }
}