{
  "kind": "near_miss",
  "timestamp": 1778382317.442842,
  "frame_seq": 44,
  "state": "CANDIDATE",
  "cues": [
    "person_in_zone"
  ],
  "suppression_active": false,
  "persons": [
    {
      "conf": 0.6319892406463623,
      "box": [
        113.87711334228516,
        276.56524658203125,
        161.22250366210938,
        330.10064697265625
      ]
    }
  ],
  "carryables": [],
  "candidate": {
    "first_seen_at": 1778382316.461117,
    "last_seen_at": 1778382316.769274,
    "interaction_frames": 2,
    "recent_zone_dwell": 0.2222273349761963,
    "last_carryable_label": null,
    "alert_fired": false
  }
}