{
  "kind": "emit",
  "timestamp": 1778377305.6521301,
  "frame_seq": 162,
  "state": "CANDIDATE",
  "cues": [
    "person_in_zone",
    "carryable_recent:laptop",
    "person_carryable_pair"
  ],
  "suppression_active": true,
  "persons": [
    {
      "conf": 0.9218727946281433,
      "box": [
        0.0,
        23.91864013671875,
        404.96484375,
        477.9222412109375
      ]
    },
    {
      "conf": 0.6900116205215454,
      "box": [
        561.0499877929688,
        249.55642700195312,
        639.9677124023438,
        451.7485656738281
      ]
    },
    {
      "conf": 0.6143556833267212,
      "box": [
        408.3971252441406,
        160.38821411132812,
        454.6933898925781,
        226.58694458007812
      ]
    },
    {
      "conf": 0.4528169631958008,
      "box": [
        341.106201171875,
        196.99945068359375,
        384.5498046875,
        244.02557373046875
      ]
    }
  ],
  "carryables": [],
  "candidate": {
    "first_seen_at": 1778377305.288658,
    "last_seen_at": 1778377305.588288,
    "interaction_frames": 4,
    "recent_zone_dwell": 0.3843090534210205,
    "last_carryable_label": "laptop",
    "alert_fired": true
  }
}