{
  "kind": "near_miss",
  "timestamp": 1778382511.9549131,
  "frame_seq": 1533,
  "state": "CANDIDATE",
  "cues": [
    "person_in_zone"
  ],
  "suppression_active": false,
  "persons": [
    {
      "conf": 0.8172991275787354,
      "box": [
        121.6826171875,
        0.0,
        623.58837890625,
        453.11944580078125
      ]
    }
  ],
  "carryables": [],
  "candidate": {
    "first_seen_at": 1778382499.213867,
    "last_seen_at": 1778382502.542602,
    "interaction_frames": 25,
    "recent_zone_dwell": 3.4612748622894287,
    "last_carryable_label": "cell phone",
    "alert_fired": false
  }
}