{
  "kind": "near_miss",
  "timestamp": 1778382507.0450501,
  "frame_seq": 1501,
  "state": "CANDIDATE",
  "cues": [
    "person_in_zone"
  ],
  "suppression_active": false,
  "persons": [
    {
      "conf": 0.7937473654747009,
      "box": [
        91.836669921875,
        1.30419921875,
        634.2347412109375,
        396.99273681640625
      ]
    }
  ],
  "carryables": [],
  "candidate": {
    "first_seen_at": 1778382499.213867,
    "last_seen_at": 1778382502.542602,
    "interaction_frames": 25,
    "recent_zone_dwell": 3.4612748622894287,
    "last_carryable_label": "cell phone",
    "alert_fired": false
  }
}