{
  "kind": "near_miss",
  "timestamp": 1778382504.873846,
  "frame_seq": 1485,
  "state": "CANDIDATE",
  "cues": [
    "person_in_zone"
  ],
  "suppression_active": false,
  "persons": [
    {
      "conf": 0.5547749400138855,
      "box": [
        145.92449951171875,
        0.0,
        633.21826171875,
        478.0994873046875
      ]
    }
  ],
  "carryables": [],
  "candidate": {
    "first_seen_at": 1778382499.213867,
    "last_seen_at": 1778382502.542602,
    "interaction_frames": 25,
    "recent_zone_dwell": 3.4612748622894287,
    "last_carryable_label": "cell phone",
    "alert_fired": false
  }
}