{
  "kind": "near_miss",
  "timestamp": 1778382505.713302,
  "frame_seq": 1491,
  "state": "CANDIDATE",
  "cues": [
    "person_in_zone"
  ],
  "suppression_active": false,
  "persons": [
    {
      "conf": 0.5680491328239441,
      "box": [
        142.23297119140625,
        0.0,
        635.79345703125,
        479.78173828125
      ]
    }
  ],
  "carryables": [],
  "candidate": {
    "first_seen_at": 1778382499.213867,
    "last_seen_at": 1778382502.542602,
    "interaction_frames": 25,
    "recent_zone_dwell": 3.4612748622894287,
    "last_carryable_label": "cell phone",
    "alert_fired": false
  }
}