{
  "kind": "near_miss",
  "timestamp": 1778382530.7469,
  "frame_seq": 1577,
  "state": "CANDIDATE",
  "cues": [
    "carryable_present:cell phone"
  ],
  "suppression_active": false,
  "persons": [],
  "carryables": [
    {
      "label": "cell phone",
      "conf": 0.8594744205474854,
      "box": [
        134.00592041015625,
        258.2724914550781,
        469.22711181640625,
        451.4940490722656
      ]
    }
  ],
  "candidate": {
    "first_seen_at": 1778382499.213867,
    "last_seen_at": 1778382529.575845,
    "interaction_frames": 27,
    "recent_zone_dwell": 3.6345458030700684,
    "last_carryable_label": "cell phone",
    "alert_fired": false
  }
}