{
  "kind": "near_miss",
  "timestamp": 1778377535.966017,
  "frame_seq": 2154,
  "state": "CANDIDATE",
  "cues": [
    "person_in_zone",
    "carryable_present:cell phone",
    "person_carryable_pair"
  ],
  "suppression_active": false,
  "persons": [
    {
      "conf": 0.8864577412605286,
      "box": [
        456.8265075683594,
        104.72247314453125,
        639.6922607421875,
        476.646484375
      ]
    },
    {
      "conf": 0.8475605249404907,
      "box": [
        0.0,
        67.32122802734375,
        561.0369873046875,
        478.72308349609375
      ]
    },
    {
      "conf": 0.6176738739013672,
      "box": [
        301.2391357421875,
        231.71243286132812,
        338.2803955078125,
        276.8200988769531
      ]
    },
    {
      "conf": 0.6058123707771301,
      "box": [
        374.5860595703125,
        242.04058837890625,
        401.6519775390625,
        275.76123046875
      ]
    }
  ],
  "carryables": [
    {
      "label": "cell phone",
      "conf": 0.807511031627655,
      "box": [
        588.3267211914062,
        212.9262237548828,
        639.7677612304688,
        300.32159423828125
      ]
    }
  ],
  "candidate": {
    "first_seen_at": 1778377535.790563,
    "last_seen_at": 1778377535.9220748,
    "interaction_frames": 2,
    "recent_zone_dwell": 0.21812891960144043,
    "last_carryable_label": "cell phone",
    "alert_fired": false
  }
}