{
  "kind": "near_miss",
  "timestamp": 1778382507.1669812,
  "frame_seq": 1502,
  "state": "CANDIDATE",
  "cues": [
    "person_in_zone"
  ],
  "suppression_active": false,
  "persons": [
    {
      "conf": 0.6196107864379883,
      "box": [
        67.46063232421875,
        0.047698974609375,
        634.6514892578125,
        412.1460266113281
      ]
    }
  ],
  "carryables": [],
  "candidate": {
    "first_seen_at": 1778382499.213867,
    "last_seen_at": 1778382502.542602,
    "interaction_frames": 25,
    "recent_zone_dwell": 3.4612748622894287,
    "last_carryable_label": "cell phone",
    "alert_fired": false
  }
}