{
  "kind": "near_miss",
  "timestamp": 1778382513.229687,
  "frame_seq": 1543,
  "state": "CANDIDATE",
  "cues": [
    "carryable_present:cell phone"
  ],
  "suppression_active": false,
  "persons": [],
  "carryables": [
    {
      "label": "cell phone",
      "conf": 0.756270170211792,
      "box": [
        135.23883056640625,
        261.8280029296875,
        466.55133056640625,
        450.78900146484375
      ]
    }
  ],
  "candidate": {
    "first_seen_at": 1778382499.213867,
    "last_seen_at": 1778382502.542602,
    "interaction_frames": 25,
    "recent_zone_dwell": 3.4612748622894287,
    "last_carryable_label": "cell phone",
    "alert_fired": false
  }
}