{
  "kind": "emit",
  "timestamp": 1778370689.350411,
  "frame_seq": 152,
  "state": "CANDIDATE",
  "cues": [
    "person_in_zone",
    "carryable_recent:backpack",
    "person_carryable_pair"
  ],
  "suppression_active": true,
  "persons": [
    {
      "conf": 0.48509061336517334,
      "box": [
        382.5540771484375,
        0.85009765625,
        639.36865234375,
        480.0
      ]
    },
    {
      "conf": 0.4684978127479553,
      "box": [
        257.0845947265625,
        0.3726806640625,
        639.5665283203125,
        474.95745849609375
      ]
    }
  ],
  "carryables": [],
  "candidate": {
    "first_seen_at": 1778370689.0917819,
    "last_seen_at": 1778370689.3094609,
    "interaction_frames": 3,
    "recent_zone_dwell": 0.34685206413269043,
    "last_carryable_label": "backpack",
    "alert_fired": true
  }
}