{
  "kind": "near_miss",
  "timestamp": 1778382512.62869,
  "frame_seq": 1538,
  "state": "CANDIDATE",
  "cues": [
    "person_in_zone"
  ],
  "suppression_active": false,
  "persons": [
    {
      "conf": 0.8250187039375305,
      "box": [
        105.9951171875,
        1.05963134765625,
        630.6234741210938,
        439.44122314453125
      ]
    }
  ],
  "carryables": [],
  "candidate": {
    "first_seen_at": 1778382499.213867,
    "last_seen_at": 1778382502.542602,
    "interaction_frames": 25,
    "recent_zone_dwell": 3.4612748622894287,
    "last_carryable_label": "cell phone",
    "alert_fired": false
  }
}