{
  "kind": "near_miss",
  "timestamp": 1778382506.2298849,
  "frame_seq": 1495,
  "state": "CANDIDATE",
  "cues": [
    "person_in_zone"
  ],
  "suppression_active": false,
  "persons": [
    {
      "conf": 0.5568800568580627,
      "box": [
        143.7167205810547,
        0.0,
        635.9365844726562,
        479.74798583984375
      ]
    }
  ],
  "carryables": [],
  "candidate": {
    "first_seen_at": 1778382499.213867,
    "last_seen_at": 1778382502.542602,
    "interaction_frames": 25,
    "recent_zone_dwell": 3.4612748622894287,
    "last_carryable_label": "cell phone",
    "alert_fired": false
  }
}