{
  "kind": "near_miss",
  "timestamp": 1778382505.161862,
  "frame_seq": 1487,
  "state": "CANDIDATE",
  "cues": [
    "person_in_zone"
  ],
  "suppression_active": false,
  "persons": [
    {
      "conf": 0.5087788701057434,
      "box": [
        143.2024383544922,
        0.0,
        635.9526977539062,
        478.9884948730469
      ]
    }
  ],
  "carryables": [],
  "candidate": {
    "first_seen_at": 1778382499.213867,
    "last_seen_at": 1778382502.542602,
    "interaction_frames": 25,
    "recent_zone_dwell": 3.4612748622894287,
    "last_carryable_label": "cell phone",
    "alert_fired": false
  }
}