{
  "kind": "near_miss",
  "timestamp": 1778377554.8247721,
  "frame_seq": 2253,
  "state": "CANDIDATE",
  "cues": [
    "person_in_zone",
    "carryable_present:cell phone",
    "person_carryable_pair"
  ],
  "suppression_active": false,
  "persons": [
    {
      "conf": 0.9283657670021057,
      "box": [
        0.0,
        109.62362670898438,
        439.72137451171875,
        479.3894348144531
      ]
    },
    {
      "conf": 0.9161234498023987,
      "box": [
        420.1444091796875,
        133.76470947265625,
        639.9063720703125,
        479.5958251953125
      ]
    },
    {
      "conf": 0.656144380569458,
      "box": [
        26.276039123535156,
        252.44163513183594,
        82.71815490722656,
        298.311767578125
      ]
    },
    {
      "conf": 0.5128970146179199,
      "box": [
        469.1611022949219,
        271.17913818359375,
        491.3298645019531,
        293.61334228515625
      ]
    }
  ],
  "carryables": [
    {
      "label": "cell phone",
      "conf": 0.3248109221458435,
      "box": [
        593.313232421875,
        186.37124633789062,
        639.9072265625,
        259.40447998046875
      ]
    }
  ],
  "candidate": {
    "first_seen_at": 1778377554.565315,
    "last_seen_at": 1778377554.7792041,
    "interaction_frames": 3,
    "recent_zone_dwell": 0.2976040840148926,
    "last_carryable_label": "cell phone",
    "alert_fired": false
  }
}