{
  "kind": "near_miss",
  "timestamp": 1778372870.537484,
  "frame_seq": 1515,
  "state": "CANDIDATE",
  "cues": [
    "person_in_zone",
    "carryable_present:backpack"
  ],
  "suppression_active": false,
  "persons": [
    {
      "conf": 0.7217876315116882,
      "box": [
        0.3520050048828125,
        43.092864990234375,
        192.56797790527344,
        467.8010559082031
      ]
    },
    {
      "conf": 0.711753785610199,
      "box": [
        389.65625,
        385.9205322265625,
        445.500244140625,
        431.6917724609375
      ]
    },
    {
      "conf": 0.4900984764099121,
      "box": [
        372.1299743652344,
        394.57666015625,
        392.1208190917969,
        420.4490966796875
      ]
    }
  ],
  "carryables": [
    {
      "label": "backpack",
      "conf": 0.279690146446228,
      "box": [
        0.2303924560546875,
        206.3952178955078,
        191.26878356933594,
        416.16058349609375
      ]
    },
    {
      "label": "suitcase",
      "conf": 0.2692070007324219,
      "box": [
        0.0,
        201.10618591308594,
        189.65463256835938,
        415.40087890625
      ]
    }
  ],
  "candidate": {
    "first_seen_at": 1778372861.030519,
    "last_seen_at": 1778372868.689306,
    "interaction_frames": 3,
    "recent_zone_dwell": 0.2975020408630371,
    "last_carryable_label": "backpack",
    "alert_fired": false
  }
}