{
  "kind": "near_miss",
  "timestamp": 1778383063.1495721,
  "frame_seq": 58,
  "state": "CANDIDATE",
  "cues": [
    "carryable_present:cell phone"
  ],
  "suppression_active": false,
  "persons": [],
  "carryables": [
    {
      "label": "cell phone",
      "conf": 0.8257400393486023,
      "box": [
        202.0070037841797,
        308.87799072265625,
        312.80157470703125,
        407.73443603515625
      ]
    }
  ],
  "candidate": {
    "first_seen_at": 1778383059.271615,
    "last_seen_at": 1778383060.519234,
    "interaction_frames": 5,
    "recent_zone_dwell": 0.5632071495056152,
    "last_carryable_label": "cell phone",
    "alert_fired": false
  }
}