{
  "kind": "near_miss",
  "timestamp": 1778382505.578432,
  "frame_seq": 1490,
  "state": "CANDIDATE",
  "cues": [
    "person_in_zone"
  ],
  "suppression_active": false,
  "persons": [
    {
      "conf": 0.6080256104469299,
      "box": [
        145.4432373046875,
        0.0,
        634.6605224609375,
        479.22503662109375
      ]
    }
  ],
  "carryables": [],
  "candidate": {
    "first_seen_at": 1778382499.213867,
    "last_seen_at": 1778382502.542602,
    "interaction_frames": 25,
    "recent_zone_dwell": 3.4612748622894287,
    "last_carryable_label": "cell phone",
    "alert_fired": false
  }
}