{
  "kind": "near_miss",
  "timestamp": 1778372516.637741,
  "frame_seq": 40,
  "state": "CANDIDATE",
  "cues": [
    "person_in_zone",
    "carryable_present:backpack",
    "person_carryable_pair"
  ],
  "suppression_active": false,
  "persons": [
    {
      "conf": 0.8920049667358398,
      "box": [
        265.2952880859375,
        1.297607421875,
        638.4442138671875,
        477.9776611328125
      ]
    },
    {
      "conf": 0.7549728751182556,
      "box": [
        363.7926025390625,
        175.548583984375,
        415.7099609375,
        217.07501220703125
      ]
    },
    {
      "conf": 0.5205104351043701,
      "box": [
        342.8803405761719,
        180.97857666015625,
        369.2039489746094,
        214.20587158203125
      ]
    },
    {
      "conf": 0.42509275674819946,
      "box": [
        154.99615478515625,
        203.11068725585938,
        387.422119140625,
        479.0559997558594
      ]
    }
  ],
  "carryables": [
    {
      "label": "backpack",
      "conf": 0.3648049533367157,
      "box": [
        154.0078582763672,
        271.1907958984375,
        392.47308349609375,
        479.63995361328125
      ]
    }
  ],
  "candidate": {
    "first_seen_at": 1778372516.114891,
    "last_seen_at": 1778372516.590732,
    "interaction_frames": 2,
    "recent_zone_dwell": 0.2155003547668457,
    "last_carryable_label": "backpack",
    "alert_fired": false
  }
}