{
  "kind": "emit",
  "timestamp": 1778377512.399759,
  "frame_seq": 2007,
  "state": "CANDIDATE",
  "cues": [
    "person_in_zone",
    "carryable_recent:laptop",
    "person_carryable_pair"
  ],
  "suppression_active": true,
  "persons": [
    {
      "conf": 0.9306017756462097,
      "box": [
        447.1390686035156,
        100.38265991210938,
        639.5338134765625,
        479.7188415527344
      ]
    },
    {
      "conf": 0.9272798895835876,
      "box": [
        0.164520263671875,
        83.31158447265625,
        374.8722229003906,
        479.50238037109375
      ]
    },
    {
      "conf": 0.42952096462249756,
      "box": [
        31.769737243652344,
        242.24356079101562,
        74.43240356445312,
        274.7943420410156
      ]
    },
    {
      "conf": 0.4050768315792084,
      "box": [
        377.74945068359375,
        261.00738525390625,
        407.210205078125,
        304.58782958984375
      ]
    }
  ],
  "carryables": [],
  "candidate": {
    "first_seen_at": 1778377512.126946,
    "last_seen_at": 1778377512.350581,
    "interaction_frames": 3,
    "recent_zone_dwell": 0.3037388324737549,
    "last_carryable_label": "laptop",
    "alert_fired": true
  }
}