{
  "kind": "near_miss",
  "timestamp": 1778382529.951333,
  "frame_seq": 1569,
  "state": "CANDIDATE",
  "cues": [
    "carryable_present:cell phone"
  ],
  "suppression_active": false,
  "persons": [],
  "carryables": [
    {
      "label": "cell phone",
      "conf": 0.8598732352256775,
      "box": [
        134.4404296875,
        264.65093994140625,
        466.90277099609375,
        451.27520751953125
      ]
    }
  ],
  "candidate": {
    "first_seen_at": 1778382499.213867,
    "last_seen_at": 1778382529.575845,
    "interaction_frames": 27,
    "recent_zone_dwell": 3.6345458030700684,
    "last_carryable_label": "cell phone",
    "alert_fired": false
  }
}