{
  "kind": "near_miss",
  "timestamp": 1778382661.621166,
  "frame_seq": 107,
  "state": "CANDIDATE",
  "cues": [
    "person_in_zone"
  ],
  "suppression_active": false,
  "persons": [
    {
      "conf": 0.8755244612693787,
      "box": [
        155.487060546875,
        1.481414794921875,
        640.0,
        478.14208984375
      ]
    }
  ],
  "carryables": [],
  "candidate": {
    "first_seen_at": 1778382659.7549481,
    "last_seen_at": 1778382660.8769128,
    "interaction_frames": 10,
    "recent_zone_dwell": 1.251985788345337,
    "last_carryable_label": "cell phone",
    "alert_fired": false
  }
}