{
  "kind": "near_miss",
  "timestamp": 1778382529.345622,
  "frame_seq": 1563,
  "state": "CANDIDATE",
  "cues": [
    "carryable_present:cell phone"
  ],
  "suppression_active": false,
  "persons": [],
  "carryables": [
    {
      "label": "cell phone",
      "conf": 0.8518884778022766,
      "box": [
        134.63525390625,
        263.8998107910156,
        466.72369384765625,
        451.8075866699219
      ]
    }
  ],
  "candidate": {
    "first_seen_at": 1778382499.213867,
    "last_seen_at": 1778382502.542602,
    "interaction_frames": 25,
    "recent_zone_dwell": 3.4612748622894287,
    "last_carryable_label": "cell phone",
    "alert_fired": false
  }
}