{
  "kind": "near_miss",
  "timestamp": 1778383063.050714,
  "frame_seq": 57,
  "state": "CANDIDATE",
  "cues": [
    "carryable_present:cell phone"
  ],
  "suppression_active": false,
  "persons": [],
  "carryables": [
    {
      "label": "cell phone",
      "conf": 0.8197129368782043,
      "box": [
        201.4700164794922,
        310.2054748535156,
        312.93267822265625,
        408.3400573730469
      ]
    }
  ],
  "candidate": {
    "first_seen_at": 1778383059.271615,
    "last_seen_at": 1778383060.519234,
    "interaction_frames": 5,
    "recent_zone_dwell": 0.5632071495056152,
    "last_carryable_label": "cell phone",
    "alert_fired": false
  }
}