{
  "kind": "near_miss",
  "timestamp": 1778372869.957354,
  "frame_seq": 1509,
  "state": "CANDIDATE",
  "cues": [
    "person_in_zone",
    "carryable_present:suitcase"
  ],
  "suppression_active": false,
  "persons": [
    {
      "conf": 0.7471440434455872,
      "box": [
        390.78277587890625,
        387.0577392578125,
        445.80096435546875,
        432.0574951171875
      ]
    },
    {
      "conf": 0.6604889631271362,
      "box": [
        0.4320220947265625,
        0.0,
        234.6361541748047,
        429.7537841796875
      ]
    },
    {
      "conf": 0.4305298328399658,
      "box": [
        374.4637451171875,
        395.10638427734375,
        392.1939697265625,
        420.236572265625
      ]
    }
  ],
  "carryables": [
    {
      "label": "suitcase",
      "conf": 0.20762580633163452,
      "box": [
        0.87091064453125,
        172.77182006835938,
        232.04371643066406,
        402.9838562011719
      ]
    }
  ],
  "candidate": {
    "first_seen_at": 1778372861.030519,
    "last_seen_at": 1778372868.689306,
    "interaction_frames": 3,
    "recent_zone_dwell": 0.2975020408630371,
    "last_carryable_label": "backpack",
    "alert_fired": false
  }
}