{
  "kind": "near_miss",
  "timestamp": 1778383078.6666791,
  "frame_seq": 122,
  "state": "CANDIDATE",
  "cues": [
    "carryable_present:cell phone"
  ],
  "suppression_active": false,
  "persons": [],
  "carryables": [
    {
      "label": "cell phone",
      "conf": 0.6473925113677979,
      "box": [
        190.8861083984375,
        329.9840087890625,
        371.62213134765625,
        388.59088134765625
      ]
    }
  ],
  "candidate": {
    "first_seen_at": 1778383075.489894,
    "last_seen_at": 1778383075.87638,
    "interaction_frames": 4,
    "recent_zone_dwell": 0.5603399276733398,
    "last_carryable_label": "cell phone",
    "alert_fired": false
  }
}