{
  "kind": "near_miss",
  "timestamp": 1778382531.494254,
  "frame_seq": 1584,
  "state": "CANDIDATE",
  "cues": [
    "carryable_present:cell phone"
  ],
  "suppression_active": false,
  "persons": [],
  "carryables": [
    {
      "label": "cell phone",
      "conf": 0.8386982679367065,
      "box": [
        134.43356323242188,
        264.8709716796875,
        467.3954772949219,
        450.37457275390625
      ]
    }
  ],
  "candidate": {
    "first_seen_at": 1778382499.213867,
    "last_seen_at": 1778382529.575845,
    "interaction_frames": 27,
    "recent_zone_dwell": 3.6345458030700684,
    "last_carryable_label": "cell phone",
    "alert_fired": false
  }
}