{
  "kind": "near_miss",
  "timestamp": 1778382515.674122,
  "frame_seq": 1555,
  "state": "CANDIDATE",
  "cues": [
    "carryable_present:cell phone"
  ],
  "suppression_active": false,
  "persons": [],
  "carryables": [
    {
      "label": "cell phone",
      "conf": 0.8541456460952759,
      "box": [
        134.62191772460938,
        263.93060302734375,
        466.3572692871094,
        451.92291259765625
      ]
    }
  ],
  "candidate": {
    "first_seen_at": 1778382499.213867,
    "last_seen_at": 1778382502.542602,
    "interaction_frames": 25,
    "recent_zone_dwell": 3.4612748622894287,
    "last_carryable_label": "cell phone",
    "alert_fired": false
  }
}