{
  "kind": "near_miss",
  "timestamp": 1778382131.9091609,
  "frame_seq": 304,
  "state": "CANDIDATE",
  "cues": [
    "person_in_zone"
  ],
  "suppression_active": false,
  "persons": [
    {
      "conf": 0.8516187071800232,
      "box": [
        83.43646240234375,
        43.934417724609375,
        637.373046875,
        479.5198669433594
      ]
    }
  ],
  "carryables": [],
  "candidate": {
    "first_seen_at": 1778382130.3094862,
    "last_seen_at": 1778382130.62191,
    "interaction_frames": 2,
    "recent_zone_dwell": 0.17461037635803223,
    "last_carryable_label": null,
    "alert_fired": false
  }
}