{
  "kind": "near_miss",
  "timestamp": 1778382529.4301708,
  "frame_seq": 1564,
  "state": "CANDIDATE",
  "cues": [
    "carryable_present:cell phone"
  ],
  "suppression_active": false,
  "persons": [],
  "carryables": [
    {
      "label": "cell phone",
      "conf": 0.8714087009429932,
      "box": [
        134.60589599609375,
        264.21905517578125,
        466.96539306640625,
        452.07269287109375
      ]
    }
  ],
  "candidate": {
    "first_seen_at": 1778382499.213867,
    "last_seen_at": 1778382502.542602,
    "interaction_frames": 25,
    "recent_zone_dwell": 3.4612748622894287,
    "last_carryable_label": "cell phone",
    "alert_fired": false
  }
}