{
  "kind": "near_miss",
  "timestamp": 1778372516.7694662,
  "frame_seq": 41,
  "state": "CANDIDATE",
  "cues": [
    "person_in_zone",
    "carryable_present:suitcase"
  ],
  "suppression_active": false,
  "persons": [
    {
      "conf": 0.8933810591697693,
      "box": [
        268.3800048828125,
        1.295867919921875,
        639.0342407226562,
        478.673828125
      ]
    },
    {
      "conf": 0.6749380826950073,
      "box": [
        365.65667724609375,
        177.18528747558594,
        415.64056396484375,
        218.61143493652344
      ]
    },
    {
      "conf": 0.5348958969116211,
      "box": [
        344.091064453125,
        183.52186584472656,
        368.8551025390625,
        212.48268127441406
      ]
    }
  ],
  "carryables": [
    {
      "label": "suitcase",
      "conf": 0.49718672037124634,
      "box": [
        154.32888793945312,
        267.1676025390625,
        392.4131774902344,
        479.59136962890625
      ]
    }
  ],
  "candidate": {
    "first_seen_at": 1778372516.114891,
    "last_seen_at": 1778372516.590732,
    "interaction_frames": 2,
    "recent_zone_dwell": 0.2155003547668457,
    "last_carryable_label": "backpack",
    "alert_fired": false
  }
}