{
  "kind": "near_miss",
  "timestamp": 1778382512.215483,
  "frame_seq": 1535,
  "state": "CANDIDATE",
  "cues": [
    "person_in_zone"
  ],
  "suppression_active": false,
  "persons": [
    {
      "conf": 0.8078073859214783,
      "box": [
        110.22320556640625,
        0.9073486328125,
        634.12890625,
        457.82110595703125
      ]
    }
  ],
  "carryables": [],
  "candidate": {
    "first_seen_at": 1778382499.213867,
    "last_seen_at": 1778382502.542602,
    "interaction_frames": 25,
    "recent_zone_dwell": 3.4612748622894287,
    "last_carryable_label": "cell phone",
    "alert_fired": false
  }
}