{
  "kind": "near_miss",
  "timestamp": 1778381312.660243,
  "frame_seq": 5118,
  "state": "CANDIDATE",
  "cues": [
    "person_in_zone",
    "carryable_recent:laptop",
    "person_carryable_pair"
  ],
  "suppression_active": false,
  "persons": [
    {
      "conf": 0.9162179827690125,
      "box": [
        92.78421020507812,
        219.34877014160156,
        458.3479309082031,
        479.5501708984375
      ]
    },
    {
      "conf": 0.642140805721283,
      "box": [
        447.53204345703125,
        365.67523193359375,
        486.91253662109375,
        420.33990478515625
      ]
    },
    {
      "conf": 0.5867087841033936,
      "box": [
        148.09786987304688,
        330.799560546875,
        202.92709350585938,
        384.1383056640625
      ]
    },
    {
      "conf": 0.4550383388996124,
      "box": [
        364.2464599609375,
        364.50445556640625,
        458.30126953125,
        476.00537109375
      ]
    }
  ],
  "carryables": [],
  "candidate": {
    "first_seen_at": 1778381312.5339699,
    "last_seen_at": 1778381312.6204429,
    "interaction_frames": 2,
    "recent_zone_dwell": 0.17251372337341309,
    "last_carryable_label": "laptop",
    "alert_fired": false
  }
}