{
  "kind": "near_miss",
  "timestamp": 1778382512.378689,
  "frame_seq": 1536,
  "state": "CANDIDATE",
  "cues": [
    "person_in_zone"
  ],
  "suppression_active": false,
  "persons": [
    {
      "conf": 0.802568793296814,
      "box": [
        103.2655029296875,
        0.611053466796875,
        629.314208984375,
        442.9940185546875
      ]
    }
  ],
  "carryables": [],
  "candidate": {
    "first_seen_at": 1778382499.213867,
    "last_seen_at": 1778382502.542602,
    "interaction_frames": 25,
    "recent_zone_dwell": 3.4612748622894287,
    "last_carryable_label": "cell phone",
    "alert_fired": false
  }
}