{
  "kind": "near_miss",
  "timestamp": 1778382530.219612,
  "frame_seq": 1572,
  "state": "CANDIDATE",
  "cues": [
    "carryable_present:cell phone"
  ],
  "suppression_active": false,
  "persons": [],
  "carryables": [
    {
      "label": "cell phone",
      "conf": 0.8931970000267029,
      "box": [
        134.21197509765625,
        263.03717041015625,
        466.78082275390625,
        452.389892578125
      ]
    }
  ],
  "candidate": {
    "first_seen_at": 1778382499.213867,
    "last_seen_at": 1778382529.575845,
    "interaction_frames": 27,
    "recent_zone_dwell": 3.6345458030700684,
    "last_carryable_label": "cell phone",
    "alert_fired": false
  }
}