{
  "kind": "near_miss",
  "timestamp": 1778372869.424165,
  "frame_seq": 1504,
  "state": "CANDIDATE",
  "cues": [
    "person_in_zone",
    "carryable_present:suitcase"
  ],
  "suppression_active": false,
  "persons": [
    {
      "conf": 0.7935348153114319,
      "box": [
        0.347442626953125,
        0.225860595703125,
        325.4320373535156,
        455.5458679199219
      ]
    },
    {
      "conf": 0.6938672065734863,
      "box": [
        388.57965087890625,
        388.34246826171875,
        444.40216064453125,
        431.94744873046875
      ]
    },
    {
      "conf": 0.530681848526001,
      "box": [
        374.6247863769531,
        395.202392578125,
        392.2898864746094,
        420.8125
      ]
    }
  ],
  "carryables": [
    {
      "label": "suitcase",
      "conf": 0.3221152722835541,
      "box": [
        128.47467041015625,
        156.7415313720703,
        323.0376281738281,
        410.85162353515625
      ]
    }
  ],
  "candidate": {
    "first_seen_at": 1778372861.030519,
    "last_seen_at": 1778372868.689306,
    "interaction_frames": 3,
    "recent_zone_dwell": 0.2975020408630371,
    "last_carryable_label": "backpack",
    "alert_fired": false
  }
}