{
  "kind": "near_miss",
  "timestamp": 1778383064.216893,
  "frame_seq": 68,
  "state": "CANDIDATE",
  "cues": [
    "carryable_present:cell phone"
  ],
  "suppression_active": false,
  "persons": [],
  "carryables": [
    {
      "label": "cell phone",
      "conf": 0.7976374626159668,
      "box": [
        201.90655517578125,
        309.072509765625,
        312.87969970703125,
        407.0006103515625
      ]
    }
  ],
  "candidate": {
    "first_seen_at": 1778383059.271615,
    "last_seen_at": 1778383060.519234,
    "interaction_frames": 5,
    "recent_zone_dwell": 0.5632071495056152,
    "last_carryable_label": "cell phone",
    "alert_fired": false
  }
}