{
  "kind": "near_miss",
  "timestamp": 1778372516.82914,
  "frame_seq": 42,
  "state": "CANDIDATE",
  "cues": [
    "person_in_zone",
    "carryable_present:backpack"
  ],
  "suppression_active": false,
  "persons": [
    {
      "conf": 0.8858856558799744,
      "box": [
        267.991943359375,
        0.399688720703125,
        639.4130859375,
        476.8420104980469
      ]
    },
    {
      "conf": 0.7106212377548218,
      "box": [
        366.2254638671875,
        179.00521850585938,
        414.0791015625,
        220.53073120117188
      ]
    },
    {
      "conf": 0.4993147850036621,
      "box": [
        345.96014404296875,
        185.43466186523438,
        369.04864501953125,
        215.0628662109375
      ]
    }
  ],
  "carryables": [
    {
      "label": "backpack",
      "conf": 0.39450615644454956,
      "box": [
        155.11810302734375,
        261.18255615234375,
        392.22613525390625,
        479.66644287109375
      ]
    }
  ],
  "candidate": {
    "first_seen_at": 1778372516.114891,
    "last_seen_at": 1778372516.590732,
    "interaction_frames": 2,
    "recent_zone_dwell": 0.2155003547668457,
    "last_carryable_label": "backpack",
    "alert_fired": false
  }
}