{
  "kind": "near_miss",
  "timestamp": 1778382317.3734112,
  "frame_seq": 43,
  "state": "CANDIDATE",
  "cues": [
    "person_in_zone"
  ],
  "suppression_active": false,
  "persons": [
    {
      "conf": 0.5971250534057617,
      "box": [
        113.83004760742188,
        276.81378173828125,
        161.66314697265625,
        330.28070068359375
      ]
    }
  ],
  "carryables": [],
  "candidate": {
    "first_seen_at": 1778382316.461117,
    "last_seen_at": 1778382316.769274,
    "interaction_frames": 2,
    "recent_zone_dwell": 0.2222273349761963,
    "last_carryable_label": null,
    "alert_fired": false
  }
}