{
  "kind": "near_miss",
  "timestamp": 1778382505.237855,
  "frame_seq": 1488,
  "state": "CANDIDATE",
  "cues": [
    "person_in_zone"
  ],
  "suppression_active": false,
  "persons": [
    {
      "conf": 0.5325978398323059,
      "box": [
        146.4296875,
        0.0,
        633.4591674804688,
        479.25048828125
      ]
    }
  ],
  "carryables": [],
  "candidate": {
    "first_seen_at": 1778382499.213867,
    "last_seen_at": 1778382502.542602,
    "interaction_frames": 25,
    "recent_zone_dwell": 3.4612748622894287,
    "last_carryable_label": "cell phone",
    "alert_fired": false
  }
}