{
  "kind": "near_miss",
  "timestamp": 1778382516.3232799,
  "frame_seq": 1560,
  "state": "CANDIDATE",
  "cues": [
    "carryable_present:cell phone"
  ],
  "suppression_active": false,
  "persons": [],
  "carryables": [
    {
      "label": "cell phone",
      "conf": 0.8524174690246582,
      "box": [
        134.88427734375,
        263.97735595703125,
        466.21539306640625,
        451.94842529296875
      ]
    }
  ],
  "candidate": {
    "first_seen_at": 1778382499.213867,
    "last_seen_at": 1778382502.542602,
    "interaction_frames": 25,
    "recent_zone_dwell": 3.4612748622894287,
    "last_carryable_label": "cell phone",
    "alert_fired": false
  }
}