{
  "kind": "emit",
  "timestamp": 1778396010.6006458,
  "frame_seq": 103,
  "state": "THEFT_CONFIRMED",
  "cues": [
    "package_missing",
    "person_present",
    "person_near_anchor",
    "theft_confirmed"
  ],
  "suppression_active": false,
  "persons": [
    {
      "conf": 0.912642240524292,
      "box": [
        0.738494873046875,
        0.10357666015625,
        153.39382934570312,
        388.2999267578125
      ]
    },
    {
      "conf": 0.7689405679702759,
      "box": [
        346.75750732421875,
        109.49169921875,
        428.20501708984375,
        189.09326171875
      ]
    },
    {
      "conf": 0.6502418518066406,
      "box": [
        274.50628662109375,
        135.06939697265625,
        322.04486083984375,
        185.43157958984375
      ]
    },
    {
      "conf": 0.42868107557296753,
      "box": [
        311.48712158203125,
        129.99038696289062,
        348.30364990234375,
        180.19857788085938
      ]
    }
  ],
  "carryables": [],
  "candidate": null
}