{
  "kind": "near_miss",
  "timestamp": 1778372517.2520719,
  "frame_seq": 46,
  "state": "CANDIDATE",
  "cues": [
    "person_in_zone",
    "carryable_present:backpack"
  ],
  "suppression_active": false,
  "persons": [
    {
      "conf": 0.9304261803627014,
      "box": [
        267.07635498046875,
        0.74102783203125,
        637.8611450195312,
        479.6178894042969
      ]
    },
    {
      "conf": 0.6702945232391357,
      "box": [
        365.500244140625,
        199.65902709960938,
        416.3099365234375,
        241.16436767578125
      ]
    },
    {
      "conf": 0.45663541555404663,
      "box": [
        351.2477722167969,
        205.66983032226562,
        370.8047790527344,
        239.25094604492188
      ]
    }
  ],
  "carryables": [
    {
      "label": "backpack",
      "conf": 0.4034254550933838,
      "box": [
        178.5988311767578,
        226.02532958984375,
        397.60394287109375,
        479.490234375
      ]
    }
  ],
  "candidate": {
    "first_seen_at": 1778372516.114891,
    "last_seen_at": 1778372516.590732,
    "interaction_frames": 2,
    "recent_zone_dwell": 0.2155003547668457,
    "last_carryable_label": "backpack",
    "alert_fired": false
  }
}