{
  "kind": "near_miss",
  "timestamp": 1778383078.8026292,
  "frame_seq": 123,
  "state": "CANDIDATE",
  "cues": [
    "carryable_present:cell phone"
  ],
  "suppression_active": false,
  "persons": [],
  "carryables": [
    {
      "label": "cell phone",
      "conf": 0.6231620907783508,
      "box": [
        190.87347412109375,
        329.9364929199219,
        371.463623046875,
        388.4477233886719
      ]
    }
  ],
  "candidate": {
    "first_seen_at": 1778383075.489894,
    "last_seen_at": 1778383075.87638,
    "interaction_frames": 4,
    "recent_zone_dwell": 0.5603399276733398,
    "last_carryable_label": "cell phone",
    "alert_fired": false
  }
}