{
  "kind": "near_miss",
  "timestamp": 1778382505.968384,
  "frame_seq": 1493,
  "state": "CANDIDATE",
  "cues": [
    "person_in_zone"
  ],
  "suppression_active": false,
  "persons": [
    {
      "conf": 0.5772007703781128,
      "box": [
        149.35076904296875,
        0.0,
        636.1998291015625,
        478.5516662597656
      ]
    }
  ],
  "carryables": [],
  "candidate": {
    "first_seen_at": 1778382499.213867,
    "last_seen_at": 1778382502.542602,
    "interaction_frames": 25,
    "recent_zone_dwell": 3.4612748622894287,
    "last_carryable_label": "cell phone",
    "alert_fired": false
  }
}