{
  "kind": "near_miss",
  "timestamp": 1778382531.3354921,
  "frame_seq": 1583,
  "state": "CANDIDATE",
  "cues": [
    "carryable_present:cell phone"
  ],
  "suppression_active": false,
  "persons": [],
  "carryables": [
    {
      "label": "cell phone",
      "conf": 0.8757146596908569,
      "box": [
        133.535400390625,
        262.73638916015625,
        466.40618896484375,
        450.94293212890625
      ]
    }
  ],
  "candidate": {
    "first_seen_at": 1778382499.213867,
    "last_seen_at": 1778382529.575845,
    "interaction_frames": 27,
    "recent_zone_dwell": 3.6345458030700684,
    "last_carryable_label": "cell phone",
    "alert_fired": false
  }
}