{
  "kind": "near_miss",
  "timestamp": 1778382502.735508,
  "frame_seq": 1470,
  "state": "CANDIDATE",
  "cues": [
    "person_in_zone"
  ],
  "suppression_active": false,
  "persons": [
    {
      "conf": 0.6360829472541809,
      "box": [
        193.8653106689453,
        0.603271484375,
        639.1882934570312,
        395.98297119140625
      ]
    }
  ],
  "carryables": [],
  "candidate": {
    "first_seen_at": 1778382499.213867,
    "last_seen_at": 1778382502.542602,
    "interaction_frames": 25,
    "recent_zone_dwell": 3.4612748622894287,
    "last_carryable_label": "cell phone",
    "alert_fired": false
  }
}