{
  "kind": "near_miss",
  "timestamp": 1778378182.3192608,
  "frame_seq": 359,
  "state": "CANDIDATE",
  "cues": [
    "person_in_zone",
    "carryable_recent:laptop",
    "person_carryable_pair"
  ],
  "suppression_active": false,
  "persons": [
    {
      "conf": 0.9296330809593201,
      "box": [
        239.26507568359375,
        133.40943908691406,
        637.9373779296875,
        479.41455078125
      ]
    },
    {
      "conf": 0.687505304813385,
      "box": [
        247.64178466796875,
        386.7669982910156,
        272.86700439453125,
        421.3583068847656
      ]
    },
    {
      "conf": 0.47853443026542664,
      "box": [
        170.7821044921875,
        375.71258544921875,
        189.59039306640625,
        404.97821044921875
      ]
    },
    {
      "conf": 0.4574860632419586,
      "box": [
        220.26416015625,
        382.71142578125,
        249.91189575195312,
        416.61956787109375
      ]
    }
  ],
  "carryables": [],
  "candidate": {
    "first_seen_at": 1778378182.15079,
    "last_seen_at": 1778378182.271229,
    "interaction_frames": 2,
    "recent_zone_dwell": 0.20365023612976074,
    "last_carryable_label": "laptop",
    "alert_fired": false
  }
}