{
  "kind": "emit",
  "timestamp": 1778395365.9560509,
  "frame_seq": 25,
  "state": "THEFT_CONFIRMED",
  "cues": [
    "package_moved",
    "person_present",
    "person_near_anchor",
    "theft_confirmed"
  ],
  "suppression_active": false,
  "persons": [
    {
      "conf": 0.6901843547821045,
      "box": [
        317.3817138671875,
        0.11246871948242188,
        357.316650390625,
        61.25935745239258
      ]
    },
    {
      "conf": 0.5796986818313599,
      "box": [
        300.37408447265625,
        36.11061477661133,
        354.13446044921875,
        92.89570617675781
      ]
    },
    {
      "conf": 0.5753686428070068,
      "box": [
        235.1945037841797,
        39.43450164794922,
        286.18316650390625,
        91.10030364990234
      ]
    },
    {
      "conf": 0.4776449501514435,
      "box": [
        31.3692684173584,
        34.362037658691406,
        70.22960662841797,
        75.61024475097656
      ]
    }
  ],
  "carryables": [
    {
      "label": "cardboard box",
      "conf": 0.46543952967525193,
      "box": [
        355.0,
        90.0,
        640.0,
        372.0
      ]
    }
  ],
  "candidate": null
}