{
  "kind": "near_miss",
  "timestamp": 1778377512.26208,
  "frame_seq": 2006,
  "state": "CANDIDATE",
  "cues": [
    "person_in_zone",
    "carryable_recent:laptop",
    "person_carryable_pair"
  ],
  "suppression_active": false,
  "persons": [
    {
      "conf": 0.9314393401145935,
      "box": [
        1.029510498046875,
        84.36433410644531,
        374.301513671875,
        479.33709716796875
      ]
    },
    {
      "conf": 0.9189144372940063,
      "box": [
        461.6956787109375,
        88.39295959472656,
        639.5814208984375,
        479.6783447265625
      ]
    },
    {
      "conf": 0.4760934114456177,
      "box": [
        377.15869140625,
        261.19769287109375,
        406.8687744140625,
        304.69720458984375
      ]
    },
    {
      "conf": 0.4405432641506195,
      "box": [
        32.46436309814453,
        243.16064453125,
        74.86097717285156,
        274.7760009765625
      ]
    }
  ],
  "carryables": [],
  "candidate": {
    "first_seen_at": 1778377512.126946,
    "last_seen_at": 1778377512.217649,
    "interaction_frames": 2,
    "recent_zone_dwell": 0.170806884765625,
    "last_carryable_label": "laptop",
    "alert_fired": false
  }
}