{
  "kind": "emit",
  "timestamp": 1778381268.931239,
  "frame_seq": 4920,
  "state": "CANDIDATE",
  "cues": [
    "person_in_zone",
    "carryable_recent:laptop",
    "person_carryable_pair"
  ],
  "suppression_active": true,
  "persons": [
    {
      "conf": 0.8955329656600952,
      "box": [
        154.801513671875,
        254.17254638671875,
        516.6734619140625,
        479.55072021484375
      ]
    },
    {
      "conf": 0.5068146586418152,
      "box": [
        224.89700317382812,
        354.5630798339844,
        256.1052551269531,
        381.7048034667969
      ]
    },
    {
      "conf": 0.48164406418800354,
      "box": [
        196.98414611816406,
        358.1356506347656,
        225.25816345214844,
        379.7710876464844
      ]
    },
    {
      "conf": 0.43996280431747437,
      "box": [
        225.6486358642578,
        355.70867919921875,
        248.6892547607422,
        380.47637939453125
      ]
    }
  ],
  "carryables": [],
  "candidate": {
    "first_seen_at": 1778381268.671919,
    "last_seen_at": 1778381268.888449,
    "interaction_frames": 3,
    "recent_zone_dwell": 0.30092692375183105,
    "last_carryable_label": "laptop",
    "alert_fired": true
  }
}