{
  "kind": "near_miss",
  "timestamp": 1778377951.8901708,
  "frame_seq": 5651,
  "state": "CANDIDATE",
  "cues": [
    "person_in_zone",
    "carryable_present:laptop"
  ],
  "suppression_active": false,
  "persons": [
    {
      "conf": 0.8105978965759277,
      "box": [
        258.8126525878906,
        395.2464599609375,
        391.8962097167969,
        479.59576416015625
      ]
    },
    {
      "conf": 0.5115371942520142,
      "box": [
        68.9414291381836,
        399.954833984375,
        107.47879791259766,
        470.0306396484375
      ]
    },
    {
      "conf": 0.49427103996276855,
      "box": [
        75.83820343017578,
        290.57537841796875,
        321.78717041015625,
        479.854736328125
      ]
    },
    {
      "conf": 0.44587069749832153,
      "box": [
        388.8345947265625,
        402.44189453125,
        444.4344482421875,
        472.17236328125
      ]
    }
  ],
  "carryables": [
    {
      "label": "laptop",
      "conf": 0.6316215991973877,
      "box": [
        1.187164306640625,
        426.8367919921875,
        77.84950256347656,
        477.3951416015625
      ]
    }
  ],
  "candidate": {
    "first_seen_at": 1778377930.5625842,
    "last_seen_at": 1778377939.123956,
    "interaction_frames": 2,
    "recent_zone_dwell": 0.21991610527038574,
    "last_carryable_label": "laptop",
    "alert_fired": false
  }
}