{
  "kind": "near_miss",
  "timestamp": 1778382513.88538,
  "frame_seq": 1548,
  "state": "CANDIDATE",
  "cues": [
    "carryable_present:cell phone"
  ],
  "suppression_active": false,
  "persons": [],
  "carryables": [
    {
      "label": "cell phone",
      "conf": 0.7684758901596069,
      "box": [
        134.8828125,
        263.15643310546875,
        465.8792724609375,
        452.34722900390625
      ]
    }
  ],
  "candidate": {
    "first_seen_at": 1778382499.213867,
    "last_seen_at": 1778382502.542602,
    "interaction_frames": 25,
    "recent_zone_dwell": 3.4612748622894287,
    "last_carryable_label": "cell phone",
    "alert_fired": false
  }
}