{
  "kind": "near_miss",
  "timestamp": 1778382664.1065621,
  "frame_seq": 125,
  "state": "CANDIDATE",
  "cues": [
    "person_in_zone",
    "carryable_present:cell phone",
    "person_carryable_pair"
  ],
  "suppression_active": false,
  "persons": [
    {
      "conf": 0.925803542137146,
      "box": [
        320.27520751953125,
        0.0,
        639.4857788085938,
        477.2029724121094
      ]
    }
  ],
  "carryables": [
    {
      "label": "cell phone",
      "conf": 0.8991411924362183,
      "box": [
        157.73602294921875,
        352.5069274902344,
        338.01812744140625,
        456.3536071777344
      ]
    }
  ],
  "candidate": {
    "first_seen_at": 1778382659.7549481,
    "last_seen_at": 1778382663.9902668,
    "interaction_frames": 25,
    "recent_zone_dwell": 3.3256325721740723,
    "last_carryable_label": "cell phone",
    "alert_fired": false
  }
}