{
  "kind": "emit_dropped",
  "timestamp": 1778381286.6680489,
  "frame_seq": 4941,
  "state": "CANDIDATE",
  "cues": [
    "person_in_zone",
    "carryable_present:laptop",
    "person_carryable_pair"
  ],
  "suppression_active": true,
  "persons": [
    {
      "conf": 0.9017255902290344,
      "box": [
        137.1339111328125,
        235.08050537109375,
        501.72113037109375,
        479.5791015625
      ]
    },
    {
      "conf": 0.5418667793273926,
      "box": [
        481.99725341796875,
        366.51666259765625,
        526.4938354492188,
        417.26422119140625
      ]
    },
    {
      "conf": 0.5313193202018738,
      "box": [
        192.3845977783203,
        354.85809326171875,
        225.81553649902344,
        381.894775390625
      ]
    },
    {
      "conf": 0.42201074957847595,
      "box": [
        152.89715576171875,
        358.3125915527344,
        182.39828491210938,
        380.9026184082031
      ]
    }
  ],
  "carryables": [
    {
      "label": "laptop",
      "conf": 0.6099491715431213,
      "box": [
        135.64236450195312,
        380.2749328613281,
        211.58590698242188,
        422.1739196777344
      ]
    }
  ],
  "candidate": {
    "first_seen_at": 1778381286.275218,
    "last_seen_at": 1778381286.5354,
    "interaction_frames": 2,
    "recent_zone_dwell": 0.47634291648864746,
    "last_carryable_label": "laptop",
    "alert_fired": true
  }
}