{
  "kind": "emit",
  "timestamp": 1778371261.036062,
  "frame_seq": 104,
  "state": "CANDIDATE",
  "cues": [
    "person_in_zone",
    "carryable_present:backpack",
    "person_carryable_pair"
  ],
  "suppression_active": true,
  "persons": [
    {
      "conf": 0.7663511633872986,
      "box": [
        512.6370849609375,
        141.4526824951172,
        573.3775634765625,
        188.3930206298828
      ]
    },
    {
      "conf": 0.6657902002334595,
      "box": [
        231.3172607421875,
        1.211395263671875,
        493.53253173828125,
        476.8504333496094
      ]
    },
    {
      "conf": 0.5265775322914124,
      "box": [
        233.2595977783203,
        0.244171142578125,
        494.24554443359375,
        270.60723876953125
      ]
    }
  ],
  "carryables": [
    {
      "label": "backpack",
      "conf": 0.5616879463195801,
      "box": [
        238.55032348632812,
        170.07315063476562,
        467.2573547363281,
        479.2962951660156
      ]
    }
  ],
  "candidate": {
    "first_seen_at": 1778371260.503202,
    "last_seen_at": 1778371260.674755,
    "interaction_frames": 3,
    "recent_zone_dwell": 0.3102400302886963,
    "last_carryable_label": "backpack",
    "alert_fired": true
  }
}