{
  "kind": "near_miss",
  "timestamp": 1778382661.7549949,
  "frame_seq": 108,
  "state": "CANDIDATE",
  "cues": [
    "person_in_zone"
  ],
  "suppression_active": false,
  "persons": [
    {
      "conf": 0.8895478844642639,
      "box": [
        106.83184814453125,
        0.0,
        638.4623413085938,
        477.96624755859375
      ]
    }
  ],
  "carryables": [],
  "candidate": {
    "first_seen_at": 1778382659.7549481,
    "last_seen_at": 1778382660.8769128,
    "interaction_frames": 10,
    "recent_zone_dwell": 1.251985788345337,
    "last_carryable_label": "cell phone",
    "alert_fired": false
  }
}