{
  "kind": "emit",
  "timestamp": 1778394456.8784451,
  "frame_seq": 2110,
  "state": "THEFT_CONFIRMED",
  "cues": [
    "package_moved",
    "person_present",
    "person_near_anchor",
    "theft_confirmed"
  ],
  "suppression_active": false,
  "persons": [
    {
      "conf": 0.9317740201950073,
      "box": [
        327.5887451171875,
        169.41033935546875,
        515.4978637695312,
        479.4498291015625
      ]
    },
    {
      "conf": 0.9111462235450745,
      "box": [
        154.53173828125,
        320.8326416015625,
        292.9165344238281,
        479.76708984375
      ]
    },
    {
      "conf": 0.7873989343643188,
      "box": [
        0.0301513671875,
        368.18292236328125,
        35.662811279296875,
        479.64300537109375
      ]
    }
  ],
  "carryables": [
    {
      "label": "cardboard box",
      "conf": 0.48522727272727273,
      "box": [
        93.0,
        182.0,
        169.0,
        237.0
      ]
    }
  ],
  "candidate": null
}