{
  "kind": "near_miss",
  "timestamp": 1778377955.4719172,
  "frame_seq": 5686,
  "state": "CANDIDATE",
  "cues": [
    "person_in_zone",
    "carryable_present:laptop"
  ],
  "suppression_active": false,
  "persons": [
    {
      "conf": 0.8116689324378967,
      "box": [
        256.3980407714844,
        395.0278015136719,
        391.3376770019531,
        479.6084899902344
      ]
    },
    {
      "conf": 0.7350271940231323,
      "box": [
        74.77362823486328,
        291.059326171875,
        308.4537353515625,
        479.70343017578125
      ]
    },
    {
      "conf": 0.6938852667808533,
      "box": [
        497.4169616699219,
        416.8406982421875,
        537.275634765625,
        478.4852294921875
      ]
    },
    {
      "conf": 0.43193432688713074,
      "box": [
        385.6373291015625,
        402.4912109375,
        445.608642578125,
        474.1368408203125
      ]
    }
  ],
  "carryables": [
    {
      "label": "laptop",
      "conf": 0.23266205191612244,
      "box": [
        1.66357421875,
        426.8617858886719,
        75.92964172363281,
        479.1763610839844
      ]
    }
  ],
  "candidate": {
    "first_seen_at": 1778377930.5625842,
    "last_seen_at": 1778377939.123956,
    "interaction_frames": 2,
    "recent_zone_dwell": 0.21991610527038574,
    "last_carryable_label": "laptop",
    "alert_fired": false
  }
}