{
  "kind": "near_miss",
  "timestamp": 1778383077.5696409,
  "frame_seq": 114,
  "state": "CANDIDATE",
  "cues": [
    "carryable_present:cell phone"
  ],
  "suppression_active": false,
  "persons": [],
  "carryables": [
    {
      "label": "cell phone",
      "conf": 0.6552073955535889,
      "box": [
        190.9266815185547,
        329.83758544921875,
        371.78411865234375,
        388.58172607421875
      ]
    }
  ],
  "candidate": {
    "first_seen_at": 1778383075.489894,
    "last_seen_at": 1778383075.87638,
    "interaction_frames": 4,
    "recent_zone_dwell": 0.5603399276733398,
    "last_carryable_label": "cell phone",
    "alert_fired": false
  }
}