{
  "kind": "near_miss",
  "timestamp": 1778382514.001131,
  "frame_seq": 1549,
  "state": "CANDIDATE",
  "cues": [
    "carryable_present:cell phone"
  ],
  "suppression_active": false,
  "persons": [],
  "carryables": [
    {
      "label": "cell phone",
      "conf": 0.775943398475647,
      "box": [
        135.02825927734375,
        263.33123779296875,
        466.01800537109375,
        452.61981201171875
      ]
    }
  ],
  "candidate": {
    "first_seen_at": 1778382499.213867,
    "last_seen_at": 1778382502.542602,
    "interaction_frames": 25,
    "recent_zone_dwell": 3.4612748622894287,
    "last_carryable_label": "cell phone",
    "alert_fired": false
  }
}