{
  "kind": "near_miss",
  "timestamp": 1778382155.457118,
  "frame_seq": 410,
  "state": "CANDIDATE",
  "cues": [
    "person_in_zone",
    "carryable_present:cell phone",
    "person_carryable_pair"
  ],
  "suppression_active": false,
  "persons": [
    {
      "conf": 0.9029307961463928,
      "box": [
        3.41534423828125,
        114.94375610351562,
        640.0,
        479.3904724121094
      ]
    },
    {
      "conf": 0.6567661762237549,
      "box": [
        169.47320556640625,
        270.6242980957031,
        210.05474853515625,
        327.3706970214844
      ]
    }
  ],
  "carryables": [
    {
      "label": "cell phone",
      "conf": 0.7381463050842285,
      "box": [
        312.3660888671875,
        219.723876953125,
        399.8763427734375,
        339.26983642578125
      ]
    }
  ],
  "candidate": {
    "first_seen_at": 1778382148.772321,
    "last_seen_at": 1778382154.744436,
    "interaction_frames": 38,
    "recent_zone_dwell": 5.673112154006958,
    "last_carryable_label": "cell phone",
    "alert_fired": false
  }
}