{
  "kind": "near_miss",
  "timestamp": 1778383062.1327229,
  "frame_seq": 48,
  "state": "CANDIDATE",
  "cues": [
    "carryable_present:cell phone"
  ],
  "suppression_active": false,
  "persons": [],
  "carryables": [
    {
      "label": "cell phone",
      "conf": 0.6547020077705383,
      "box": [
        201.6856231689453,
        311.59893798828125,
        312.73980712890625,
        409.11993408203125
      ]
    }
  ],
  "candidate": {
    "first_seen_at": 1778383059.271615,
    "last_seen_at": 1778383060.519234,
    "interaction_frames": 5,
    "recent_zone_dwell": 0.5632071495056152,
    "last_carryable_label": "cell phone",
    "alert_fired": false
  }
}