{
  "kind": "near_miss",
  "timestamp": 1778383077.7194722,
  "frame_seq": 115,
  "state": "CANDIDATE",
  "cues": [
    "carryable_present:cell phone"
  ],
  "suppression_active": false,
  "persons": [],
  "carryables": [
    {
      "label": "cell phone",
      "conf": 0.6727964878082275,
      "box": [
        190.95233154296875,
        329.9068908691406,
        371.87799072265625,
        388.5885925292969
      ]
    }
  ],
  "candidate": {
    "first_seen_at": 1778383075.489894,
    "last_seen_at": 1778383075.87638,
    "interaction_frames": 4,
    "recent_zone_dwell": 0.5603399276733398,
    "last_carryable_label": "cell phone",
    "alert_fired": false
  }
}