{
  "kind": "near_miss",
  "timestamp": 1778382506.0979352,
  "frame_seq": 1494,
  "state": "CANDIDATE",
  "cues": [
    "person_in_zone"
  ],
  "suppression_active": false,
  "persons": [
    {
      "conf": 0.5983830094337463,
      "box": [
        146.17169189453125,
        0.0,
        635.9310302734375,
        478.74847412109375
      ]
    }
  ],
  "carryables": [],
  "candidate": {
    "first_seen_at": 1778382499.213867,
    "last_seen_at": 1778382502.542602,
    "interaction_frames": 25,
    "recent_zone_dwell": 3.4612748622894287,
    "last_carryable_label": "cell phone",
    "alert_fired": false
  }
}