{
  "kind": "emit",
  "timestamp": 1778381435.187222,
  "frame_seq": 5957,
  "state": "CANDIDATE",
  "cues": [
    "person_in_zone",
    "carryable_present:laptop",
    "person_carryable_pair"
  ],
  "suppression_active": true,
  "persons": [
    {
      "conf": 0.9100162386894226,
      "box": [
        96.21160888671875,
        273.2200927734375,
        406.18878173828125,
        479.5
      ]
    },
    {
      "conf": 0.566685140132904,
      "box": [
        447.18988037109375,
        367.8319091796875,
        490.57208251953125,
        421.2589111328125
      ]
    },
    {
      "conf": 0.5652986764907837,
      "box": [
        347.1724853515625,
        356.078857421875,
        457.48004150390625,
        472.00634765625
      ]
    },
    {
      "conf": 0.5310708284378052,
      "box": [
        147.7028045654297,
        315.0308532714844,
        203.07725524902344,
        383.1767272949219
      ]
    }
  ],
  "carryables": [
    {
      "label": "laptop",
      "conf": 0.7328740358352661,
      "box": [
        101.63078308105469,
        380.63763427734375,
        179.98216247558594,
        424.37030029296875
      ]
    }
  ],
  "candidate": {
    "first_seen_at": 1778381434.9092438,
    "last_seen_at": 1778381435.126025,
    "interaction_frames": 3,
    "recent_zone_dwell": 0.3487579822540283,
    "last_carryable_label": "laptop",
    "alert_fired": true
  }
}