{
  "kind": "near_miss",
  "timestamp": 1778383079.3292139,
  "frame_seq": 127,
  "state": "CANDIDATE",
  "cues": [
    "carryable_present:cell phone"
  ],
  "suppression_active": false,
  "persons": [],
  "carryables": [
    {
      "label": "cell phone",
      "conf": 0.6223472356796265,
      "box": [
        190.81753540039062,
        329.65216064453125,
        371.6473693847656,
        388.53692626953125
      ]
    }
  ],
  "candidate": {
    "first_seen_at": 1778383075.489894,
    "last_seen_at": 1778383075.87638,
    "interaction_frames": 4,
    "recent_zone_dwell": 0.5603399276733398,
    "last_carryable_label": "cell phone",
    "alert_fired": false
  }
}